Employee Name,Gender,Relationship,Position Title,Age Band,Ethnicity,Salary Range
Person 999,F,Staff,Case Manager,3,E,M1
Person 998,F,Staff,Regional Disability Advisor,6,A,C2
Person 997,F,Staff,Capability Developer,2,B,M4
Person 995,F,Staff,Case Manager,4,A,D4
Person 994,F,Staff,Case Manager,2,G,C3
Person 993,F,Staff,Case Manager,5,D,C5
Person 992,M,Staff,Customer Service Representative,4,A,C4
Person 991,F,Staff,Case Manager,4,B,C7
Person 990,F,Staff,Case Manager,2,C,M1
Person 99,F,Staff,Case Manager,1,D,D4
Person 988,M,Staff,Work Broker,5,B,D1
Person 987,Unassigned,Contractor,Unassigned,1,G,C7
Person 986,F,Staff,Contact Centre Officer,3,A,C4
Person 984,M,Staff,StudyLink Officer,4,E,C6
Person 983,F,Staff,Integrated Services Case Manager,5,G,C6
Person 982,M,Staff,Capability Developer,4,H,D1
Person 981,F,Staff,Intensive Client Support Manager,3,D,M3
Person 980,M,Staff,Case Manager,2,C,D2
Person 98,Unassigned,Contractor,Unassigned,6,C,D2
Person 975,F,Staff,Community Liaison Advisor,5,A,D3
Person 972,F,Staff,Customer Service Representative,5,B,M4
Person 971,F,Staff,Employment Support Representative,2,G,C2
Person 970,F,Staff,Employment Support Representative,6,G,C8
Person 97,M,Staff,Case Manager,1,H,M3
Person 969,F,Staff,Information Coordinator,4,E,M4
Person 968,F,Staff,Case Manager,4,A,D3
Person 966,F,Staff,Case Manager,1,B,M4
Person 965,M,Staff,Case Manager,1,B,M4
Person 963,F,Staff,Integrity Intervention Officer,6,D,C4
Person 962,M,Staff,Case Manager,1,C,D2
Person 961,F,Staff,Senior Claimant Support Specialist,1,G,M1
Person 960,F,Staff,Case Manager,1,D,M4
Person 96,M,Staff,Case Manager,5,E,C2
Person 959,F,Staff,Principal Advisor Pacific,5,A,D3
Person 958,F,Staff,Case Manager,2,A,M2
Person 957,M,Staff,Customer Service Representative,6,A,C8
Person 956,F,Staff,Case Manager,4,D,M1
Person 955,F,Staff,StudyLink Officer Outreach,3,D,M4
Person 954,F,Staff,Manager Service Response,3,G,C6
Person 953,F,Staff,Central Processing Officer,4,A,M3
Person 951,F,Staff,Case Manager,1,G,C7
Person 950,F,Staff,Administration Officer,1,B,M2
Person 95,F,Staff,Integrated Services Case Manager,3,B,M4
Person 949,F,Staff,Customer Service Representative,1,E,C6
Person 948,F,Staff,Central Processing Officer,5,G,C1
Person 947,F,Staff,Case Manager,6,B,M3
Person 946,F,Staff,Senior Policy Analyst,2,G,C4
Person 945,F,Staff,Regional Director,1,E,C2
Person 944,F,Staff,Policy Manager,2,F,M4
Person 943,F,Staff,Regional Housing Manager,3,B,D3
Person 942,F,Staff,Customer Service Representative,2,B,C6
Person 941,F,Staff,Assistant HR Advisor,1,A,C1
Person 94,F,Staff,Customer Service Representative,6,B,M3
Person 938,F,Staff,StudyLink Officer Contact Centre,6,A,C2
Person 937,M,Staff,Client Support Debt Management Officer,2,E,M3
Person 935,F,Staff,Capability Developer,5,E,C5
Person 933,F,Staff,Case Manager,5,H,D4
Person 930,M,Staff,Senior Analyst GIS,3,F,C6
Person 93,F,Staff,Process Improvement Analyst,5,B,C8
Person 929,M,Staff,Work Broker,5,B,C4
Person 928,F,Staff,Case Manager,2,H,D4
Person 927,F,Staff,Integrity Intervention Officer,1,F,C2
Person 925,F,Staff,Case Manager,5,F,D1
Person 924,F,Staff,Capability Developer,3,A,C3
Person 923,F,Staff,Employment Support Representative,2,F,C1
Person 922,M,Staff,Case Manager,4,B,C1
Person 921,Unassigned,Contractor,Unassigned,5,E,M1
Person 919,M,Staff,Crown Systems Reporting Accountant,1,G,C1
Person 918,F,Staff,Case Manager,2,A,M2
Person 916,F,Staff,Employment Coordinator,2,D,C8
Person 915,F,Staff,Customer Service Officer International,1,C,M1
Person 914,F,Staff,Case Manager,2,D,C1
Person 913,F,Staff,Case Manager,3,C,D3
Person 911,F,Staff,Administration Officer,4,G,M4
Person 91,M,Staff,Case Manager,4,H,C1
Person 909,F,Staff,Case Manager,5,F,D3
Person 908,F,Staff,Case Manager,6,D,D3
Person 907,F,Staff,Case Manager,1,H,C2
Person 906,F,Staff,Business Improvement Analyst,6,A,C2
Person 904,F,Staff,Case Manager,3,H,C2
Person 902,F,Staff,Integrated Services Case Manager,6,A,M1
Person 901,F,Staff,Senior Business Analyst,1,F,C5
Person 900,F,Staff,Capability Developer,4,C,C8
Person 90,F,Staff,StudyLink Officer,2,E,C5
Person 9,F,Staff,Facilities Management Officer,1,D,D4
Person 898,F,Staff,Community Link in Court,5,B,C2
Person 897,M,Staff,Report Writer,2,B,C4
Person 896,F,Staff,Customer Service Representative,1,E,C7
Person 895,Unassigned,Contractor,Unassigned,4,E,D3
Person 894,F,Staff,Case Manager,1,H,C1
Person 893,F,Staff,Central Processing Officer,1,F,C8
Person 890,F,Staff,Case Manager,1,H,C5
Person 89,M,Staff,Customer Service Representative,3,B,M4
Person 889,Unassigned,Contractor,Unassigned,4,D,C7
Person 888,F,Staff,Case Manager,3,G,M4
Person 887,F,Staff,Service Centre Manager,4,F,C8
Person 886,F,Staff,Customer Service Representative,5,A,C3
Person 885,M,Staff,Assistant Service Centre Manager,5,C,C8
Person 884,F,Staff,Work Broker,4,G,D1
Person 883,F,Staff,Process Lead,4,C,C4
Person 882,F,Staff,Case Manager,6,G,D1
Person 880,F,Staff,Work Broker,5,A,D4
Person 88,M,Staff,Case Manager,1,G,C3
Person 878,F,Staff,Employment Support Representative,5,A,C8
Person 877,M,Staff,Project Administrator,2,A,C5
Person 876,F,Staff,Senior Lawyer,3,G,D4
Person 875,F,Staff,Case Manager,4,H,C4
Person 874,F,Staff,Customer Service Representative,1,G,D3
Person 873,F,Staff,Integrated Services Case Manager,3,G,D2
Person 872,F,Staff,Case Manager,4,B,C2
Person 870,F,Staff,Case Manager,1,C,C3
Person 87,F,Staff,Case Manager,4,G,C3
Person 868,F,Staff,Case Manager,2,E,M3
Person 866,F,Staff,Case Manager,3,A,C6
Person 865,F,Staff,Case Manager,2,D,D4
Person 864,F,Staff,Regional Contracts Assistant,2,H,M1
Person 863,F,Staff,Central Processing Officer,6,B,C7
Person 862,F,Staff,Case Manager,3,A,M3
Person 860,F,Staff,StudyLink Officer,4,G,C6
Person 86,F,Staff,Customer Service Representative,3,G,C8
Person 859,F,Staff,Customer Service Representative,1,G,D2
Person 857,F,Staff,Case Manager,1,C,C2
Person 856,F,Staff,Case Manager,4,F,C3
Person 855,F,Staff,Case Manager,1,D,D2
Person 854,F,Staff,Case Manager,3,B,C7
Person 852,F,Staff,Case Manager,1,A,C5
Person 851,F,Staff,Case Manager,5,E,M2
Person 850,F,Staff,Investigator Fraud Intervention Services,6,B,M3
Person 85,M,Staff,Case Manager,4,A,D4
Person 849,F,Staff,Customer Service Representative,5,H,C2
Person 848,F,Staff,Integrity Intervention Officer,6,C,C4
Person 847,F,Staff,Work Broker,6,G,C2
Person 846,M,Staff,Senior Advisor Accreditation,1,F,D3
Person 845,F,Staff,Case Manager,5,E,D4
Person 844,M,Staff,Case Manager,1,E,C8
Person 843,F,Staff,Customer Service Representative,2,A,C4
Person 842,F,Staff,Executive Assistant,4,H,C2
Person 841,M,Staff,Case Manager,5,F,C3
Person 839,F,Staff,Case Manager,5,H,C7
Person 838,F,Staff,Service Centre Manager,6,F,C1
Person 836,F,Staff,Capability Developer,5,G,C3
Person 835,F,Staff,Central Processing Officer,4,G,C5
Person 834,F,Staff,Service Centre Manager,6,F,C1
Person 833,F,Staff,Central Processing Officer,2,C,C2
Person 831,F,Staff,Integrated Services Case Manager,6,A,C7
Person 830,F,Staff,Case Manager,2,H,C3
Person 829,F,Staff,Technical Officer Housing,3,E,C3
Person 828,F,Staff,StudyLink Officer,5,D,D4
Person 826,F,Staff,Case Manager,4,G,M2
Person 825,Unassigned,Contractor,Unassigned,2,H,M3
Person 822,F,Staff,Case Manager,2,A,C4
Person 821,M,Staff,Case Manager,5,G,D3
Person 820,F,Staff,StudyLink Officer,2,A,C7
Person 819,F,Staff,Central Processing Officer,1,F,C2
Person 817,F,Staff,Case Manager,1,A,D2
Person 815,M,Staff,Case Manager,4,A,C2
Person 814,F,Staff,Employment Coordinator,6,F,D1
Person 813,F,Staff,Case Manager,4,B,C3
Person 812,F,Staff,Case Manager,3,E,M1
Person 811,F,Staff,Qualifications Assessor National Office,5,B,C2
Person 81,M,Staff,Case Manager Residential Subsidy,5,A,M3
Person 809,F,Staff,Case Manager,4,H,M2
Person 808,F,Staff,Work Broker,3,C,M4
Person 807,F,Staff,Customer Service Representative,5,E,D3
Person 806,M,Staff,Employment Support Representative,5,D,C6
Person 805,F,Staff,Capability Developer,2,F,M3
Person 804,M,Staff,IT Security Analyst,4,F,C6
Person 803,M,Staff,Investigator Fraud Intervention Services,2,C,C5
Person 802,F,Staff,Case Manager,5,G,D3
Person 801,F,Staff,Central Processing Officer,3,H,D2
Person 8,Unassigned,Contractor,Unassigned,2,E,M4
Person 799,F,Staff,Case Manager,4,C,C6
Person 798,M,Staff,Case Manager,6,D,M4
Person 794,F,Staff,Case Manager,2,H,C6
Person 793,F,Staff,Central Processing Officer,2,F,M2
Person 792,F,Staff,Work Broker,3,D,M3
Person 791,F,Staff,Manager Regional Services,6,D,M1
Person 790,M,Staff,Customer Service Representative,4,D,C6
Person 79,M,Staff,Work Broker,1,B,C4
Person 789,F,Staff,Case Manager,5,A,M3
Person 788,F,Staff,Case Manager,5,H,C4
Person 787,F,Staff,Executive Assistant,2,G,D4
Person 786,F,Staff,Customer Service Representative,6,F,C3
Person 784,F,Staff,Work Broker,2,C,C2
Person 783,F,Staff,Customer Service Representative,2,B,M4
Person 782,F,Staff,Customer Service Representative,5,B,C6
Person 781,Unassigned,Contractor,Unassigned,4,F,M1
Person 780,M,Staff,Central Processing Officer,1,H,C2
Person 78,F,Staff,Case Manager,1,D,M2
Person 779,F,Staff,Central Processing Officer,1,A,M2
Person 777,F,Staff,Case Manager,5,F,C2
Person 776,F,Staff,Financial Services Administrator,4,A,C7
Person 774,Unassigned,Contractor,Unassigned,2,G,C4
Person 773,F,Staff,Work Broker,2,D,M3
Person 772,F,Staff,Capability Developer,1,C,C6
Person 771,F,Staff,Case Manager,6,E,C2
Person 770,F,Staff,Accreditation Assessor,6,H,C7
Person 77,F,Staff,Customer Service Representative,6,B,C6
Person 769,F,Staff,Claims Assessor,5,H,C8
Person 768,M,Staff,Case Manager,3,G,M1
Person 766,F,Staff,Senior Advisor,4,H,D1
Person 764,F,Staff,Case Manager,2,A,M1
Person 762,M,Staff,Case Manager,6,H,D4
Person 761,M,Staff,Analyst Reporting,3,A,D3
Person 760,F,Staff,Case Manager,4,C,C4
Person 759,F,Staff,StudyLink Officer,6,C,C7
Person 758,F,Staff,Employment Support Representative,6,F,C8
Person 756,F,Staff,Case Manager,6,G,M4
Person 755,F,Staff,Case Manager Housing,2,B,M4
Person 754,F,Staff,Investigator Fraud Intervention Services,3,A,C4
Person 753,F,Staff,Qualifications Assessor National Office,6,H,D3
Person 752,M,Staff,Client Support Debt Management Officer,2,A,C5
Person 751,M,Staff,Case Manager,5,A,C3
Person 750,F,Staff,Central Processing Officer,1,G,C5
Person 749,F,Staff,Central Processing Officer,4,D,M2
Person 747,M,Staff,Case Manager,3,C,C5
Person 746,F,Staff,Regional Contracts Assistant,6,F,M3
Person 745,F,Staff,Processing Officer,1,E,C4
Person 744,F,Staff,Capability Developer,3,F,D2
Person 743,F,Staff,Service Manager Centralised Services,3,E,C2
Person 741,F,Staff,Central Processing Officer,5,B,C6
Person 740,F,Staff,Information Services Manager,2,D,D2
Person 74,M,Staff,Data Integrity Analyst,3,E,D3
Person 739,F,Staff,Central Processing Officer,1,D,C4
Person 738,F,Staff,Team Manager,3,D,M1
Person 737,F,Staff,Facilities Management Officer,5,H,D4
Person 736,M,Staff,Systems Engineer,2,A,M4
Person 731,M,Staff,Central Processing Officer,4,D,C4
Person 730,F,Staff,Intensive Client Support Manager,6,D,D2
Person 73,F,Staff,Case Manager,6,E,C8
Person 729,F,Staff,Customer Service Representative,5,E,C7
Person 728,F,Staff,Customer Service Representative,2,D,D2
Person 726,F,Staff,Case Manager,5,A,C5
Person 725,F,Staff,Work Broker,3,C,D4
Person 724,F,Staff,Administration Officer,1,H,D3
Person 723,F,Staff,Central Processing Officer,4,E,C3
Person 721,M,Staff,Case Manager,4,D,C8
Person 72,F,Staff,Customer Service Representative,2,H,D2
Person 719,F,Staff,Team Leader StudyLink,5,A,M4
Person 718,F,Staff,Case Manager,6,D,D1
Person 717,F,Staff,Programme Advisor,1,G,M3
Person 716,F,Staff,Case Manager,6,D,M4
Person 711,F,Staff,Case Manager,1,C,D4
Person 710,F,Staff,Case Manager,4,B,D4
Person 71,F,Staff,Case Manager,4,E,C4
Person 709,F,Staff,Financial Services Administrator,2,D,M1
Person 708,Unassigned,Contractor,Unassigned,6,G,C2
Person 707,F,Staff,Central Processing Officer,5,H,M2
Person 706,F,Staff,Customer Service Representative,5,H,D3
Person 704,F,Staff,Training Advisor Design & Brokering,2,B,M4
Person 702,F,Staff,Case Manager,1,G,M4
Person 701,F,Staff,Administration Officer,1,D,D3
Person 700,F,Staff,Senior Policy Analyst,3,B,C4
Person 70,M,Staff,Claims Assessor,6,G,M3
Person 7,F,Staff,Senior Lawyer,4,C,C8
Person 699,F,Staff,Service Centre Manager,5,E,C7
Person 697,M,Staff,Processing Officer,1,D,C7
Person 695,M,Staff,Project Administrator,1,H,C8
Person 694,M,Staff,Senior Enterprise Architect,4,C,C5
Person 693,M,Staff,Case Manager,2,G,C4
Person 692,F,Staff,Case Manager,2,E,M4
Person 691,F,Staff,Senior Advisor Operational Policy & Practice,2,B,C3
Person 690,F,Staff,Worker Enabling Good Lives,6,D,C2
Person 69,F,Staff,Case Manager,1,F,C8
Person 689,M,Staff,Case Manager,1,D,D1
Person 688,M,Staff,Case Manager,2,E,C5
Person 687,F,Staff,Financial Services Administrator,1,F,D1
Person 686,M,Staff,Capability Developer,3,B,C8
Person 685,F,Staff,Service Centre Manager,1,H,C7
Person 683,F,Staff,Case Manager,6,F,M2
Person 682,F,Staff,Maori Relationship Manager,3,C,C4
Person 681,M,Staff,Developer,1,G,D4
Person 680,F,Staff,Case Manager,1,E,D4
Person 68,F,Staff,Capability Developer,1,G,M2
Person 679,M,Staff,Portfolio Manager,1,A,C4
Person 677,F,Staff,StudyLink Officer,3,E,M1
Person 676,F,Staff,Regional Disability Advisor,1,C,C7
Person 675,F,Staff,Case Manager,6,G,M3
Person 674,M,Staff,Customer Service Representative,4,C,D1
Person 673,F,Staff,Quality Assurance Officer,1,G,C1
Person 672,F,Staff,StudyLink Officer,5,F,C2
Person 671,F,Staff,Case Manager,4,E,M1
Person 67,F,Staff,Integrity Intervention Officer,1,D,C8
Person 669,F,Staff,StudyLink Officer,3,A,C1
Person 668,F,Staff,Administration Officer,2,E,C8
Person 667,M,Staff,Case Manager,6,B,C1
Person 666,F,Staff,Case Manager,3,F,D1
Person 665,F,Staff,Case Manager,6,D,M1
Person 664,F,Staff,Lead Advisor,2,H,C7
Person 663,F,Staff,Case Manager,6,C,C1
Person 662,F,Staff,Qualifications Assessor National Office,2,E,M3
Person 660,F,Staff,Case Manager,4,A,M3
Person 66,F,Staff,Client Support Debt Management Officer,3,E,C8
Person 659,F,Staff,Senior Business Analyst,6,G,M4
Person 658,F,Staff,Customer Service Representative,2,G,M2
Person 657,F,Staff,Intelligence Analyst,5,D,D2
Person 655,F,Staff,Employment Support Representative,6,A,C7
Person 653,M,Staff,Central Processing Officer,4,E,D2
Person 652,F,Staff,Project Manager,4,D,C5
Person 651,F,Staff,StudyLink Officer,3,D,C4
Person 650,M,Contractor,Contractor,6,D,C4
Person 65,F,Staff,Case Manager,2,D,D3
Person 648,Unassigned,Contractor,Unassigned,1,C,C3
Person 646,F,Staff,Financial Services Administrator,5,F,D2
Person 644,F,Staff,Case Manager,3,B,C3
Person 643,F,Staff,Case Manager,1,F,D1
Person 641,F,Staff,Case Manager,4,H,C7
Person 640,M,Staff,Training Advisor Design & Brokering,5,B,M4
Person 64,F,Staff,Customer Service Representative,4,E,M1
Person 639,F,Staff,StudyLink Officer,4,G,M4
Person 638,M,Staff,Customer Service Representative,4,E,D3
Person 637,F,Staff,Customer Service Representative,2,C,M4
Person 633,Unassigned,Contractor,Unassigned,5,A,D3
Person 632,F,Staff,StudyLink Officer,6,G,D4
Person 629,F,Staff,Case Manager,4,G,M3
Person 628,M,Staff,Case Manager,6,C,C1
Person 627,F,Staff,Service Centre Manager,3,E,C1
Person 626,F,Staff,Customer Service Representative,2,F,C6
Person 624,F,Staff,Case Manager Residential Subsidy,6,E,M3
Person 622,F,Staff,Customer Service Representative,4,C,D3
Person 621,F,Staff,Technical Officer Housing,4,D,C4
Person 620,F,Staff,Central Processing Officer,6,E,M1
Person 62,F,Staff,StudyLink Officer,4,A,M3
Person 619,F,Staff,Case Manager,3,F,C1
Person 618,M,Staff,Technical Officer Housing,2,B,C6
Person 617,F,Staff,Service Centre Manager,6,F,C5
Person 616,F,Staff,Process Improvement Analyst,5,F,C8
Person 615,M,Staff,Programme Coordinator,3,C,C1
Person 614,F,Staff,Customer Service Representative,2,E,C4
Person 613,F,Staff,Work Broker,3,B,D2
Person 612,F,Staff,Claims Assessor,4,C,D3
Person 611,F,Staff,Capability Developer,3,B,C8
Person 610,M,Staff,Case Manager,6,H,C3
Person 61,F,Staff,Senior Data Engineer,6,B,C3
Person 606,F,Staff,Programme Advisor,3,E,D2
Person 605,F,Staff,Senior Claimant Support Specialist,5,E,D1
Person 602,F,Staff,Service Centre Manager,3,E,C8
Person 601,F,Staff,Integrity Intervention Officer,5,H,D3
Person 600,F,Staff,Service Centre Manager,3,G,M4
Person 60,F,Staff,Customer Service Representative,3,B,D3
Person 599,F,Staff,Capability Developer,4,B,C1
Person 596,F,Staff,Programme Coordinator,2,G,M1
Person 595,M,Staff,Data Integrity Analyst,1,B,D1
Person 594,F,Staff,Case Manager,5,A,C3
Person 590,F,Staff,Case Manager,6,D,C2
Person 59,F,Staff,Report Writer,2,A,C4
Person 588,M,Staff,Capability Developer,1,E,D2
Person 587,F,Staff,Case Manager,2,C,C1
Person 585,F,Staff,Customer Service Representative,1,F,M3
Person 584,F,Staff,Integrated Services Case Manager,4,D,C2
Person 583,M,Staff,Private Secretary,6,B,C3
Person 582,F,Staff,Housing Broker,2,G,C7
Person 581,F,Staff,Case Manager,4,H,D4
Person 580,F,Staff,Employment Support Representative,3,C,C3
Person 58,F,Staff,Administration Officer,1,E,D2
Person 579,F,Staff,Central Processing Officer,5,E,C2
Person 576,F,Staff,StudyLink Officer Outreach,4,D,D4
Person 575,F,Staff,Case Manager,3,D,D1
Person 574,F,Staff,Employment Support Representative,3,G,M4
Person 573,F,Staff,Case Manager,4,A,C7
Person 571,F,Staff,Case Manager,6,F,C5
Person 570,F,Staff,Case Manager,3,H,C4
Person 57,M,Staff,Central Processing Officer,4,E,M2
Person 569,F,Staff,Financial Services Administrator,6,H,M1
Person 568,F,Staff,Work Broker,3,C,C4
Person 565,M,Staff,Case Manager,4,F,C2
Person 563,F,Staff,Accreditation Assessor,3,F,C2
Person 562,M,Staff,Central Processing Officer,6,A,M3
Person 561,M,Staff,Regional Disability Advisor,3,A,C4
Person 560,F,Staff,Integrated Services Case Manager,6,F,D1
Person 56,M,Staff,Work Broker,4,D,C3
Person 558,F,Staff,Central Processing Officer,6,D,C1
Person 557,F,Staff,Customer Service Representative,6,E,C2
Person 555,F,Staff,Customer Service Representative,3,E,M1
Person 554,F,Staff,Case Manager,2,B,C3
Person 553,F,Staff,Integrated Services Case Manager,3,D,C6
Person 551,F,Staff,Capability Developer,4,H,D1
Person 550,F,Staff,Programme Advisor,4,B,M1
Person 55,M,Staff,Case Manager,5,H,D3
Person 548,F,Staff,Case Manager,2,E,D2
Person 547,F,Staff,Case Manager,6,B,C2
Person 546,M,Staff,User Acceptance Tester,4,C,C6
Person 545,M,Staff,Senior Web Designer,6,B,M2
Person 544,M,Staff,Solutions Architect,2,G,C4
Person 541,F,Staff,Case Manager,3,B,C7
Person 540,F,Staff,Central Processing Officer,3,G,M1
Person 539,F,Staff,Junior IT Security Analyst,4,D,C7
Person 538,M,Staff,Case Manager,5,H,C3
Person 537,F,Staff,StudyLink Officer,5,F,D3
Person 536,F,Staff,Case Manager,6,B,D1
Person 535,F,Staff,Customer Service Representative,4,B,D1
Person 533,F,Staff,Work Broker,1,B,C7
Person 531,F,Staff,Case Manager,2,C,D3
Person 530,M,Staff,Case Manager,3,G,M1
Person 53,F,Staff,Senior Claims Assessor,6,A,C3
Person 528,F,Staff,Customer Service Representative,1,E,C1
Person 527,F,Staff,Senior Advisor International,1,A,C1
Person 526,F,Staff,Case Manager,2,G,D4
Person 523,F,Staff,Central Processing Officer,4,H,D2
Person 521,F,Staff,Case Manager,6,G,C8
Person 520,F,Staff,Senior Ministerial & Executive Services Advisor,2,A,C7
Person 519,F,Staff,Contact Centre Officer,4,C,C6
Person 516,F,Staff,Case Manager,3,F,M3
Person 512,F,Staff,StudyLink Officer,3,G,C3
Person 511,F,Staff,Case Manager,6,B,M4
Person 510,F,Staff,Case Manager,1,H,C4
Person 51,M,Staff,Employment Support Representative,2,A,D3
Person 509,F,Staff,Information Coordinator,6,B,D1
Person 507,F,Staff,Customer Service Representative,4,D,D2
Person 506,M,Staff,Work Broker,1,C,C6
Person 505,F,Staff,Service Centre Manager,3,H,M2
Person 504,F,Staff,Case Manager,2,H,C1
Person 503,F,Staff,Administration Officer,2,G,D2
Person 502,M,Staff,Investigator Fraud Intervention Services,5,B,C8
Person 501,F,Staff,Contact Centre Officer,3,H,M2
Person 500,F,Staff,Work Broker,3,G,C6
Person 50,Unassigned,Contractor,Unassigned,2,F,D3
Person 5,F,Staff,Case Manager,2,B,C8
Person 499,F,Staff,Investigator Fraud Intervention Services,3,D,C5
Person 498,F,Staff,Case Manager,3,D,C1
Person 497,F,Staff,Customer Service Representative,5,G,C3
Person 496,F,Staff,Case Manager,1,H,M1
Person 495,F,Staff,Customer Service Representative,3,C,C1
Person 493,F,Staff,Customer Service Representative,5,D,M4
Person 492,F,Staff,Case Manager,5,C,D3
Person 491,F,Staff,Administration Officer,1,F,D3
Person 49,F,Staff,Integrated Services Case Manager,1,E,C6
Person 488,F,Staff,Case Manager,5,D,C3
Person 487,F,Staff,Customer Service Representative,2,F,C5
Person 486,F,Staff,Client Support Debt Management Officer,5,A,C5
Person 485,M,Staff,Customer Service Representative,4,G,C4
Person 481,F,Staff,Integrated Services Case Manager,1,F,D3
Person 480,F,Staff,Integrated Services Case Manager,2,C,M3
Person 48,F,Staff,Customer Service Officer Card Services,1,E,D3
Person 479,F,Staff,Case Manager Housing,4,D,D4
Person 478,F,Staff,Case Manager,6,G,D3
Person 477,F,Staff,Case Manager,1,D,D2
Person 476,F,Staff,Team Manager Capability,5,B,D1
Person 475,F,Staff,Customer Service Representative,6,F,C7
Person 472,M,Staff,Senior Developer,4,E,C6
Person 471,F,Staff,Capability Developer,3,C,C6
Person 47,F,Staff,Capability Developer,1,E,C3
Person 469,F,Staff,Health & Disability Coordinator,4,B,C1
Person 468,F,Staff,Case Manager,5,A,M1
Person 467,F,Staff,Capability Developer,6,A,D3
Person 466,F,Staff,Case Manager,6,G,C7
Person 465,M,Staff,Investigator Fraud Intervention Services,6,F,D1
Person 463,M,Staff,Case Manager,1,H,M1
Person 462,F,Staff,StudyLink Officer,2,G,C1
Person 461,F,Staff,Team Leader StudyLink,1,F,D4
Person 460,F,Staff,Case Manager,1,H,M1
Person 46,F,Staff,Case Manager,3,F,M4
Person 458,M,Staff,Case Manager,1,D,C6
Person 456,F,Staff,Administration Officer,1,C,C7
Person 454,F,Staff,StudyLink Officer,5,G,C4
Person 453,F,Staff,Analyst Forecasting & Costing,5,G,D4
Person 452,M,Staff,Capability Developer,3,D,C3
Person 45,F,Staff,Case Manager Housing,1,D,M1
Person 449,F,Staff,Case Manager,1,A,M2
Person 448,F,Staff,Case Manager,5,B,D4
Person 447,F,Staff,Central Processing Officer,1,D,C4
Person 446,M,Staff,Central Processing Officer,3,F,M3
Person 445,F,Staff,Case Manager,1,E,M4
Person 444,F,Staff,Service Manager Contact Centre Services,1,C,C8
Person 443,M,Staff,Case Manager,2,C,D4
Person 442,F,Staff,Central Processing Officer,3,D,C5
Person 441,F,Staff,Integrated Services Case Manager,4,B,D4
Person 44,F,Staff,StudyLink Officer,2,A,D2
Person 439,F,Staff,Capability Developer,3,A,M1
Person 437,F,Staff,Case Manager,6,B,C8
Person 436,F,Staff,Capability Developer,5,C,M2
Person 435,F,Staff,Customer Service Officer International,4,C,M3
Person 434,F,Staff,Customer Service Representative,4,A,D4
Person 433,M,Staff,Head of Actuarial,1,D,C1
Person 432,F,Staff,Capability Developer,1,B,C1
Person 431,M,Staff,Service Centre Manager,3,D,C4
Person 430,F,Staff,Case Manager,2,E,C8
Person 43,F,Staff,Case Manager,6,A,C4
Person 429,F,Staff,StudyLink Officer,1,A,D2
Person 427,F,Staff,Senior Analyst HSS Business Processes,6,F,C5
Person 426,F,Staff,Case Manager,1,A,D2
Person 425,F,Staff,Case Manager,6,A,D4
Person 423,F,Staff,Client Integrity Officer,1,E,M3
Person 422,F,Staff,Customer Service Representative,5,F,M3
Person 421,F,Staff,Case Manager,1,D,C7
Person 420,F,Staff,Case Manager,3,A,M4
Person 42,F,Staff,Customer Service Officer International,4,H,D2
Person 419,F,Staff,Case Manager,5,F,C1
Person 418,F,Staff,Manager Complaints Management Insights and Improve,6,B,D4
Person 417,F,Staff,Case Manager,2,A,C3
Person 415,F,Staff,Social Development Manager,6,C,D4
Person 414,M,Staff,Case Manager,6,E,D2
Person 413,F,Staff,StudyLink Officer,2,E,C4
Person 412,F,Staff,Senior Advisor Office for Disability Issues,5,C,M4
Person 411,F,Staff,Case Manager,2,C,M1
Person 410,F,Staff,Integrated Services Case Manager,5,A,C5
Person 41,Unassigned,Contractor,Unassigned,4,H,M2
Person 409,M,Staff,Customer Service Representative,2,F,D1
Person 408,F,Staff,Service Manager Contact Centre Services,3,F,D4
Person 407,F,Staff,Customer Service Representative,6,F,D2
Person 405,F,Staff,Senior Integrity Intervention Officer,3,D,M3
Person 404,F,Staff,Central Processing Officer,1,B,M3
Person 403,M,Staff,Housing Broker,6,A,D3
Person 401,F,Staff,Case Manager,3,F,C5
Person 400,F,Staff,Employment Support Representative,4,A,M4
Person 398,F,Staff,Capability Developer,2,F,C6
Person 397,Unassigned,Contractor,Unassigned,6,D,C4
Person 396,F,Staff,Customer Service Representative,6,E,M1
Person 395,M,Staff,Central Processing Officer,1,H,D4
Person 394,M,Staff,Principal Advisor,1,D,C2
Person 393,F,Staff,Case Manager,1,E,D3
Person 392,F,Staff,Case Manager,6,H,D1
Person 390,F,Staff,Central Processing Officer,6,A,C1
Person 389,F,Staff,Community Link in Court,3,F,M2
Person 388,F,Staff,Worker Enabling Good Lives,3,D,M4
Person 387,M,Staff,Service Manager Centralised Services,6,B,C6
Person 385,F,Staff,Intensive Client Support Manager,5,H,M2
Person 384,F,Staff,Case Manager,3,C,C1
Person 381,M,Staff,Customer Service Representative,5,G,M2
Person 380,F,Staff,Customer Service Representative,4,A,D2
Person 38,F,Staff,General Manager Pacific and Community Capability P,3,B,D4
Person 379,F,Staff,Case Manager,3,B,D4
Person 378,F,Staff,Case Manager,6,F,C6
Person 377,M,Staff,Work Broker,1,E,D1
Person 376,F,Staff,Accreditation Assessor,1,A,C8
Person 374,M,Staff,Service Centre Manager,3,E,C5
Person 373,F,Staff,Case Manager,5,G,C7
Person 371,M,Staff,Integrity Intervention Officer,6,E,D2
Person 370,F,Staff,Case Manager,6,H,C2
Person 37,F,Staff,Case Manager,3,G,C5
Person 369,M,Staff,Case Manager,3,H,C7
Person 368,F,Contractor,Contractor,6,B,D3
Person 366,F,Staff,Senior Data Engineer,4,B,D4
Person 364,F,Staff,Case Manager,3,F,C8
Person 363,Unassigned,Contractor,Unassigned,6,E,C7
Person 362,F,Staff,Central Processing Officer,4,B,C4
Person 361,F,Staff,Case Manager,5,C,M4
Person 360,F,Staff,Case Manager,3,D,M1
Person 36,F,Staff,Service Centre Manager,4,C,M4
Person 359,F,Staff,Technical Officer Housing,4,C,C6
Person 358,F,Staff,StudyLink Officer,4,H,D1
Person 357,M,Staff,Case Manager,2,H,M2
Person 354,F,Staff,Case Manager Housing,2,C,C7
Person 353,F,Staff,Reconciliation Officer,1,C,C7
Person 352,F,Staff,Case Manager,6,G,C1
Person 351,F,Staff,StudyLink Officer,3,H,D2
Person 350,F,Staff,Customer Service Representative,3,D,M1
Person 35,F,Staff,Customer Service Representative,5,A,C8
Person 349,F,Staff,Executive Assistant,1,G,M4
Person 348,M,Staff,Case Manager,2,C,M4
Person 346,F,Staff,StudyLink Officer,4,E,M2
Person 345,M,Staff,Senior Data Engineer,3,B,D3
Person 344,F,Staff,Integrity Intervention Officer,4,G,M3
Person 343,F,Staff,Case Manager,2,B,M1
Person 342,F,Staff,Case Manager,6,A,M2
Person 341,F,Staff,Case Manager,3,G,M1
Person 340,F,Staff,Community Link in Court,4,E,C6
Person 34,M,Staff,Central Processing Officer,4,G,C8
Person 339,F,Staff,Capability Developer,1,D,D2
Person 338,M,Staff,Assistant Service Centre Manager,1,B,M4
Person 335,F,Staff,Service Manager Contact Centre Services,3,D,M4
Person 334,F,Staff,Accreditation Assessor,3,C,M3
Person 333,Unassigned,Contractor,Unassigned,4,D,C6
Person 330,F,Staff,StudyLink Officer,5,E,C7
Person 33,F,Staff,Case Manager,2,B,C5
Person 329,M,Staff,Client Support Debt Management Officer,4,C,M3
Person 328,F,Staff,Capability Developer,5,G,D1
Person 327,F,Staff,Administration Officer,4,G,M3
Person 326,F,Staff,Case Manager,1,E,C8
Person 325,Unassigned,Contractor,Unassigned,1,E,D3
Person 323,F,Staff,Contact Centre Officer,1,F,D4
Person 322,F,Staff,Case Manager,2,A,C1
Person 320,F,Staff,Case Manager,3,C,C6
Person 32,M,Staff,Customer Service Representative,3,F,M2
Person 319,F,Staff,Business Analyst,2,A,C3
Person 318,F,Staff,Service Centre Manager,5,F,D2
Person 317,F,Staff,Case Manager,1,D,C4
Person 315,F,Staff,Case Manager,6,B,M2
Person 313,F,Staff,Customer Service Representative,2,E,M4
Person 312,M,Staff,StudyLink Officer,6,A,C2
Person 310,F,Staff,Case Manager,5,H,M3
Person 31,F,Staff,Case Manager,2,G,C8
Person 309,F,Staff,Employment Support Representative,1,C,M1
Person 308,F,Staff,Data Integrity Analyst,6,A,C7
Person 307,Unassigned,Contractor,Unassigned,1,F,C1
Person 306,M,Staff,Central Processing Officer,2,B,C2
Person 305,Unassigned,Contractor,Unassigned,4,G,C7
Person 304,Unassigned,Contractor,Unassigned,5,G,C5
Person 303,F,Staff,Case Manager,4,B,D3
Person 302,F,Staff,Case Manager Housing,2,E,M4
Person 301,F,Staff,Central Processing Officer,3,B,M3
Person 30,F,Staff,Case Manager,6,E,D3
Person 299,M,Staff,Case Manager,6,F,C6
Person 298,F,Staff,StudyLink Officer,1,G,M1
Person 297,F,Staff,Case Manager,1,F,M2
Person 296,F,Staff,Executive Assistant,3,E,C7
Person 295,F,Staff,Case Manager,2,H,M2
Person 294,F,Staff,Service Centre Manager,2,D,D3
Person 293,F,Staff,Administration Officer,4,B,M4
Person 292,F,Staff,Integrated Services Case Manager,1,E,C8
Person 291,F,Staff,Senior Project Advisor,4,C,M2
Person 290,M,Staff,Service Centre Manager,6,C,M2
Person 289,F,Staff,Case Manager,6,G,D3
Person 287,F,Staff,Case Manager,1,H,C3
Person 285,F,Staff,Case Manager,5,B,C6
Person 283,F,Staff,Customer Service Officer International,3,F,C1
Person 282,F,Staff,Case Manager,6,D,C5
Person 281,F,Staff,Senior Claims Assessor,3,F,C3
Person 280,F,Staff,Central Processing Officer,4,B,M2
Person 28,F,Staff,Case Manager,6,A,M3
Person 279,F,Staff,Case Manager,6,F,C1
Person 278,F,Staff,Case Manager,5,F,D3
Person 277,F,Staff,Facilities Management Officer,1,B,D1
Person 276,F,Staff,Manager Contact Centre Services,5,G,C2
Person 275,F,Staff,Case Manager,4,F,M1
Person 274,Unassigned,Contractor,Unassigned,1,H,C4
Person 273,F,Staff,Business Analyst,2,F,M2
Person 272,F,Staff,Case Manager,3,E,C5
Person 270,F,Staff,Senior Claims Assessor,3,B,M3
Person 27,F,Staff,Case Manager,2,F,D3
Person 269,F,Staff,Information Coordinator,6,G,M3
Person 267,F,Staff,Case Manager,1,F,D3
Person 266,F,Staff,Financial Services Administrator,2,G,M2
Person 264,F,Staff,Case Manager Housing,3,B,C6
Person 263,F,Staff,Case Manager,4,D,M2
Person 262,F,Staff,Work Broker,4,F,M3
Person 261,M,Staff,Executive Assistant,4,F,D3
Person 259,F,Staff,Case Manager,3,C,C2
Person 258,F,Staff,Service Manager Centralised Services,6,G,C1
Person 257,F,Staff,Integrated Services Case Manager,2,F,C4
Person 256,F,Staff,Customer Service Officer International,3,H,C4
Person 255,M,Staff,StudyLink Officer,4,G,M3
Person 253,F,Staff,Case Manager,6,C,D1
Person 252,F,Staff,Work Broker,3,F,C3
Person 248,F,Staff,Housing Broker,6,F,D2
Person 247,F,Staff,Case Manager Residential Subsidy,5,A,C5
Person 246,M,Staff,Case Manager,4,B,C4
Person 243,F,Staff,Central Processing Officer,1,G,C3
Person 242,F,Staff,Case Manager,2,E,D1
Person 241,F,Staff,Integrity Intervention Officer,6,H,M2
Person 240,M,Contractor,Contractor,5,H,D1
Person 24,M,Staff,StudyLink Officer,2,C,C1
Person 239,F,Staff,Investigator Fraud Intervention Services,6,G,D1
Person 238,F,Staff,Administration Team Coordinator RSU,2,G,D4
Person 237,M,Staff,Customer Service Representative,4,F,C7
Person 236,F,Staff,Case Manager,3,H,M3
Person 235,F,Staff,Central Processing Officer,3,A,D3
Person 234,M,Staff,Senior Accreditation Assessor,3,F,C3
Person 231,M,Staff,Case Manager,6,D,C3
Person 229,F,Staff,Processing Officer,6,C,M3
Person 228,F,Staff,Family Violence Response Coordinator,4,D,C6
Person 227,F,Staff,Case Manager,1,C,C1
Person 226,F,Staff,Central Processing Officer,3,G,C6
Person 224,F,Staff,Case Manager,5,F,M3
Person 222,F,Staff,Case Manager,1,F,D2
Person 220,F,Staff,Capability Developer,1,H,C2
Person 22,F,Staff,Customer Service Representative,3,A,M3
Person 219,F,Staff,Senior Information Coordinator,6,B,D3
Person 218,F,Staff,Director of Service Design and Development,4,G,D2
Person 217,F,Staff,Customer Service Representative,3,G,D1
Person 216,F,Staff,Capability Developer,6,E,C1
Person 2155,M,Staff,Community Liaison Advisor,5,E,D3
Person 2154,F,Staff,Financial Services Administrator,3,B,D2
Person 2153,F,Staff,Regional Labour Market Advisor,2,G,M3
Person 2152,Unassigned,Contractor,Unassigned,3,D,M4
Person 2150,F,Staff,StudyLink Officer,2,B,D1
Person 215,M,Staff,Customer Service Representative,1,C,D4
Person 2149,M,Staff,Senior Data Engineer,5,D,M1
Person 2148,M,Staff,Customer Service Representative,5,C,C4
Person 2147,F,Staff,Integrated Services Case Manager,6,H,C2
Person 2146,F,Staff,Customer Service Representative,3,F,C8
Person 2145,F,Staff,Contact Centre Officer,5,A,C3
Person 2144,F,Staff,Case Manager,3,D,C2
Person 2143,F,Staff,Team Lead Learning and Capability Development,4,B,C7
Person 2142,M,Staff,Capability Developer,2,A,M3
Person 2140,F,Staff,Case Manager,4,E,D1
Person 214,F,Staff,Case Manager,5,G,D1
Person 2139,F,Staff,Customer Service Representative,3,C,M1
Person 2137,F,Staff,Customer Service Representative,2,H,C3
Person 2136,F,Staff,Case Manager,4,F,C8
Person 2135,F,Staff,Integrated Services Case Manager,6,E,C1
Person 2134,F,Staff,Case Manager,2,B,D4
Person 2133,F,Staff,Case Manager,2,A,C3
Person 2132,M,Staff,StudyLink Officer,1,G,D1
Person 2131,F,Staff,Work Broker,6,G,M3
Person 2130,F,Staff,Intensive Client Support Manager,1,G,C2
Person 2129,F,Staff,Central Processing Officer,4,D,D2
Person 2126,F,Staff,Integrated Services Case Manager,1,F,C1
Person 2123,F,Staff,Accreditation Assessor,4,A,C2
Person 2122,F,Staff,StudyLink Officer Contact Centre,2,B,C7
Person 2120,F,Staff,Case Manager,4,B,D4
Person 2119,F,Staff,Employment Support Representative,1,F,C8
Person 2118,M,Staff,Integrity Intervention Officer,2,F,C8
Person 2116,F,Staff,Principal HR Business Partner,2,A,C5
Person 2115,M,Staff,Case Manager,6,H,C5
Person 2114,F,Staff,Assistant Service Centre Manager,6,E,C7
Person 2112,Unassigned,Contractor,Unassigned,4,H,C6
Person 2111,M,Staff,Branch Manager,5,F,C6
Person 2110,F,Staff,StudyLink Officer,1,G,C3
Person 211,M,Staff,Capability Developer,1,H,C6
Person 2109,F,Staff,Claims Assessor,5,G,C2
Person 2108,F,Staff,Customer Service Representative,3,C,C1
Person 2107,F,Staff,Case Manager,1,E,M4
Person 2106,F,Staff,Capability Developer,1,F,M1
Person 2105,F,Staff,Mobile Employment & Development Coach,2,E,M1
Person 2104,F,Staff,Work Broker,5,E,M4
Person 2103,F,Staff,Senior Analyst Research & Evaluation,4,D,D1
Person 2102,F,Staff,Case Manager,6,A,C2
Person 2101,F,Staff,StudyLink Officer,2,F,C6
Person 2100,F,Staff,Case Manager,5,B,M2
Person 210,F,Staff,Maori Relationship Manager,2,A,C3
Person 21,F,Staff,Report Writer,2,C,C6
Person 2099,F,Staff,Case Manager,1,E,C7
Person 2098,F,Staff,Central Processing Officer,6,H,D2
Person 2097,F,Staff,Team Leader Partnerships and Services,4,E,C6
Person 2096,F,Staff,Capability Developer,6,B,D4
Person 2095,F,Staff,Case Manager,5,D,D4
Person 2093,F,Staff,Investigator Fraud Intervention Services,6,C,C3
Person 2091,F,Staff,Service Centre Manager,1,D,D2
Person 2090,M,Staff,Central Processing Officer,6,B,D1
Person 209,M,Staff,Windows Systems Engineer,6,H,D2
Person 2089,F,Staff,Central Processing Officer,6,F,D4
Person 2088,F,Staff,Assistant Service Centre Manager,4,B,M4
Person 2087,F,Staff,Case Manager,3,A,D2
Person 2086,F,Staff,Case Manager,5,C,M1
Person 2084,M,Staff,Central Processing Officer,3,D,M1
Person 2083,F,Staff,Senior Advisor Operational Policy & Practice,4,H,M2
Person 2082,Unassigned,Contractor,Unassigned,1,E,C4
Person 2081,F,Staff,Case Manager,6,H,D4
Person 2080,Unassigned,Contractor,Unassigned,2,F,C7
Person 208,F,Staff,Case Manager,6,C,C2
Person 2076,F,Staff,Administration Officer,1,E,M1
Person 2075,F,Staff,Integrity Intervention Officer,5,C,D2
Person 2074,M,Staff,Customer Service Officer International,5,C,M2
Person 2073,F,Staff,Senior Advisor Operational Policy & Practice,4,A,D1
Person 2072,F,Staff,Case Manager,6,B,C8
Person 2070,F,Staff,Central Processing Officer,4,B,M2
Person 2069,F,Staff,Employment Coordinator,1,H,C1
Person 2068,F,Staff,Executive Assistant to Regional Commissioner,5,G,M3
Person 2066,F,Staff,Facilities Management Officer,3,G,C2
Person 2065,F,Staff,Senior Advisor Operational Policy & Practice,5,E,C5
Person 2064,F,Staff,Central Processing Officer,3,F,M1
Person 2063,M,Staff,Case Manager,4,D,C7
Person 2062,F,Staff,Case Manager,6,A,D1
Person 2061,F,Staff,Case Manager,3,D,M1
Person 2060,F,Staff,Executive Assistant,4,G,C1
Person 2059,F,Staff,Customer Service Representative,5,C,M2
Person 2057,F,Staff,Case Manager,4,F,M2
Person 2056,F,Staff,Work Broker,3,A,M2
Person 2055,M,Staff,Case Manager,4,H,C5
Person 2054,F,Staff,Regional Contracts Assistant,1,H,C1
Person 2051,M,Staff,Case Manager,3,F,C3
Person 2050,F,Staff,Integrated Services Case Manager,1,C,C1
Person 2049,F,Staff,Customer Service Officer International,4,D,M3
Person 2048,F,Staff,Customer Service Representative,3,C,C7
Person 2046,F,Staff,Case Manager,2,C,C2
Person 2044,M,Staff,Case Manager,1,F,C4
Person 2043,M,Staff,StudyLink Officer,1,F,C4
Person 2040,M,Staff,Customer Service Representative,5,A,M1
Person 204,F,Staff,Case Manager,5,F,C8
Person 2039,F,Staff,Regional Housing Manager,4,C,C7
Person 2038,F,Staff,Account Manager Corporate,5,H,D4
Person 2036,F,Staff,Senior Claims Assessor,6,F,C8
Person 2035,M,Staff,Central Processing Officer,2,G,D2
Person 2034,F,Staff,Investigator Fraud Intervention Services,4,A,C6
Person 2031,F,Staff,Integrated Services Case Manager,4,E,C2
Person 2030,F,Staff,Customer Service Representative,3,B,C6
Person 203,Unassigned,Contractor,Unassigned,6,B,M4
Person 2029,F,Staff,Case Manager,5,B,C5
Person 2028,F,Staff,Case Manager,3,F,C1
Person 2027,Unassigned,Contractor,Unassigned,6,B,M1
Person 2026,M,Staff,StudyLink Officer,3,G,M2
Person 2025,M,Staff,Team Manager Capability,1,B,M1
Person 2024,M,Staff,HRBP Coordinator,4,G,M4
Person 2023,M,Staff,Report Writer,4,H,C6
Person 2022,F,Staff,StudyLink Officer,2,B,M4
Person 2021,F,Staff,Integrated Services Case Manager,3,G,C6
Person 202,F,Staff,Technical Officer Housing,6,A,M3
Person 2019,M,Staff,Case Manager,6,G,M1
Person 2017,F,Staff,Administration Officer,3,A,D2
Person 2016,F,Staff,Team Leader StudyLink,1,G,C1
Person 2015,M,Staff,Customer Service Representative,5,F,M2
Person 2014,F,Staff,Senior Business Analyst,5,E,C6
Person 2013,F,Staff,Customer Service Representative,6,A,D3
Person 2012,F,Staff,Programme Coordinator,2,E,M1
Person 2011,F,Staff,Case Manager,3,B,D1
Person 2010,F,Staff,Maori Relationship Manager,6,D,C8
Person 201,F,Staff,Case Manager,6,H,D1
Person 2009,M,Staff,Case Manager,4,F,C8
Person 2008,F,Staff,Case Manager,1,A,D2
Person 2007,F,Staff,Maori Relationship Manager,4,F,C1
Person 2004,M,Staff,Integrity Intervention Officer,4,E,M3
Person 2002,M,Staff,Report Writer,2,F,C1
Person 2001,F,Staff,Case Manager,4,H,C5
Person 200,F,Staff,Technical Support Analyst,4,F,C1
Person 20,F,Staff,Central Processing Officer,3,G,M2
Person 1999,F,Staff,Customer Service Representative,4,F,D1
Person 1998,F,Staff,Case Manager,4,E,C3
Person 1997,F,Staff,Case Manager,1,D,D4
Person 1996,F,Staff,Case Manager,4,D,C2
Person 1995,F,Staff,Regional Director,2,G,M1
Person 1994,F,Staff,Customer Service Representative,1,B,M2
Person 1993,F,Staff,Administration Officer,2,C,D4
Person 1992,F,Staff,Client Support Debt Management Officer,6,D,M3
Person 1990,F,Staff,Integrated Services Case Manager,3,B,C7
Person 199,F,Staff,Customer Service Representative,1,H,C4
Person 1988,M,Staff,Integrated Services Case Manager,4,H,C1
Person 1987,F,Staff,Case Manager,3,D,M4
Person 1986,F,Staff,Assistant Service Centre Manager,4,A,D1
Person 1985,M,Staff,Cloud Engineer,5,B,C2
Person 1983,F,Staff,Case Manager,2,D,M1
Person 198,F,Staff,Capability Developer,4,G,C7
Person 1977,M,Staff,Case Manager,1,C,C6
Person 1976,Unassigned,Contractor,Unassigned,4,C,D4
Person 1975,F,Staff,Case Manager,3,E,C5
Person 1974,F,Staff,Capability Developer,4,G,C7
Person 1973,F,Staff,Case Manager,2,E,M1
Person 1970,F,Staff,Work Broker,6,G,C1
Person 1968,M,Staff,Central Processing Officer,5,B,C7
Person 1964,M,Staff,Customer Service Representative,1,E,M2
Person 1963,F,Staff,Central Processing Officer,3,B,C8
Person 1962,F,Staff,Customer Service Officer International,4,H,C2
Person 1961,F,Staff,Case Manager Housing,2,E,M2
Person 1957,F,Staff,Capability Developer,2,H,C8
Person 1955,F,Staff,Case Manager,2,B,C2
Person 1954,F,Staff,Central Processing Officer,1,B,C1
Person 1953,F,Staff,Customer Service Representative,2,E,C5
Person 1952,F,Staff,Case Manager,6,H,C2
Person 1951,M,Staff,Actuary,6,A,M3
Person 1950,F,Staff,National Manager Emergency Management and BC,6,B,C6
Person 195,F,Staff,Accreditation Assessor,5,G,D2
Person 1949,F,Staff,Case Manager,6,D,C8
Person 1947,F,Staff,Case Manager,6,D,D4
Person 1945,F,Staff,Customer Service Representative,2,C,C5
Person 1944,F,Staff,Case Manager,1,H,C2
Person 1943,F,Staff,Capability Developer,5,H,D1
Person 1942,F,Staff,Central Processing Officer,1,E,M1
Person 1941,F,Staff,Customer Service Representative,3,E,C8
Person 1940,F,Staff,Case Manager,2,B,C3
Person 194,F,Staff,Customer Service Representative,2,G,C2
Person 1939,F,Staff,Case Manager,1,B,M2
Person 1937,F,Staff,StudyLink Officer,4,G,D4
Person 1934,Unassigned,Contractor,Unassigned,5,B,M2
Person 1933,M,Staff,Client Support Debt Management Officer,1,G,D2
Person 1932,F,Staff,Central Processing Officer,4,B,C2
Person 1931,F,Staff,Integrated Services Case Manager,1,C,C8
Person 1930,F,Staff,Customer Service Representative,1,G,M1
Person 193,F,Staff,Case Manager,3,B,D4
Person 1929,F,Staff,Case Manager,5,D,D1
Person 1928,F,Staff,Service Centre Manager,5,C,M1
Person 1927,F,Staff,Administration Officer,4,D,C3
Person 1926,F,Staff,Employment Support Representative,1,C,C7
Person 1925,F,Staff,Case Manager,6,H,M2
Person 1924,F,Staff,Central Processing Officer,3,E,C3
Person 1922,F,Staff,Case Manager,6,E,D1
Person 1921,F,Staff,Case Manager Housing,2,D,D3
Person 1920,F,Staff,Case Manager,2,G,M3
Person 192,F,Staff,Claims Administrator,3,H,D3
Person 1919,F,Staff,Technical Officer Fraud Intervention Services,5,F,D3
Person 1918,F,Staff,Service Manager Contact Centre Services,1,H,D1
Person 1917,F,Staff,Central Processing Officer,5,C,C3
Person 1915,F,Staff,Case Manager,2,D,C8
Person 1914,Unassigned,Contractor,Unassigned,2,C,C6
Person 1913,F,Staff,Case Manager,6,C,C3
Person 1912,M,Staff,Business Analyst,4,H,C7
Person 1911,F,Staff,Case Manager,6,E,C6
Person 1910,F,Staff,StudyLink Officer,3,D,M3
Person 191,F,Staff,Financial Reporting Accountant,2,A,M1
Person 1909,F,Staff,Case Manager,6,E,D1
Person 1908,F,Staff,Principal Advisor,1,H,C3
Person 1907,F,Staff,Customer Service Representative,1,F,D2
Person 1906,M,Staff,Service Centre Manager,4,G,C6
Person 1905,F,Staff,Case Manager,3,E,M2
Person 1904,F,Staff,Administration Support Officer,2,D,D2
Person 1903,F,Staff,Administration Officer,2,E,C8
Person 1901,M,Staff,Manager Contact Centre Services,5,E,D4
Person 1900,M,Staff,Customer Service Representative,1,A,C1
Person 190,F,Staff,Resource and Capability Manager,6,B,D2
Person 1898,F,Staff,Central Processing Officer,6,D,D4
Person 1897,F,Staff,Case Manager,6,D,D4
Person 1895,F,Staff,Case Manager,3,A,D1
Person 1894,F,Staff,Customer Service Representative,3,C,C5
Person 1893,F,Staff,Case Manager,3,G,D2
Person 1891,F,Staff,Central Processing Officer,4,B,M1
Person 1890,F,Staff,Case Manager,4,G,C8
Person 189,F,Staff,Claims Administrator,2,H,C6
Person 1889,F,Staff,Case Manager,3,E,M2
Person 1887,F,Staff,Case Manager,2,F,C3
Person 1884,F,Staff,Accreditation Assessor,6,F,C8
Person 1883,F,Staff,Integrated Services Case Manager,5,A,D1
Person 1882,F,Staff,Case Manager,1,A,D2
Person 1881,F,Staff,Case Manager Housing,6,D,D1
Person 1880,Unassigned,Contractor,Unassigned,4,H,C3
Person 188,F,Staff,Case Manager,1,C,C6
Person 1879,F,Staff,Programme Coordinator,3,H,D4
Person 1877,M,Staff,Advisor Operational Policy and Practice,3,F,M4
Person 1876,F,Staff,Customer Service Representative,3,H,C5
Person 1875,F,Staff,Capability Developer,4,C,M2
Person 1874,F,Staff,Customer Service Representative,4,A,C2
Person 1872,F,Staff,Case Manager,6,A,C8
Person 1871,F,Staff,Case Manager,5,D,C7
Person 1870,F,Staff,StudyLink Officer,2,B,C1
Person 187,F,Staff,Case Manager,5,A,C4
Person 1869,F,Staff,Customer Service Representative,5,F,C7
Person 1867,F,Staff,Work Broker,5,F,M1
Person 1865,F,Staff,Central Processing Officer,4,H,C5
Person 1864,Unassigned,Contractor,Unassigned,6,H,D1
Person 1863,F,Staff,Technical Officer Housing,5,E,C8
Person 1862,M,Staff,Senior Advisor Performance and Remuneration,6,D,D4
Person 1861,F,Staff,Technical Officer Housing,1,E,M3
Person 1860,F,Staff,Case Manager,6,D,C3
Person 186,F,Staff,Integrated Services Case Manager,2,G,C1
Person 1859,F,Staff,Case Manager,4,A,D2
Person 1857,F,Staff,Case Manager,3,A,C5
Person 1856,M,Staff,Case Manager,4,F,C8
Person 1855,F,Staff,Administration Officer,4,E,C6
Person 1854,F,Staff,Central Processing Officer,4,A,C8
Person 1853,F,Staff,Case Manager,4,E,M4
Person 1852,F,Staff,Customer Service Representative,3,F,C4
Person 1851,F,Staff,Case Manager,6,D,C5
Person 1850,F,Staff,Case Manager,3,D,C3
Person 185,F,Staff,Customer Service Representative,3,H,D3
Person 1848,F,Staff,Case Manager,2,H,M4
Person 1847,F,Staff,Case Manager,4,G,C6
Person 1846,F,Staff,Case Manager,4,E,C8
Person 1845,F,Staff,Customer Service Representative,6,A,D4
Person 1844,F,Staff,Advisor,1,F,D1
Person 1843,F,Staff,Case Manager,2,B,C8
Person 1842,F,Staff,Customer Service Representative,1,B,D2
Person 184,F,Staff,Case Manager,2,F,M2
Person 1839,F,Staff,Case Manager,6,A,C1
Person 1837,F,Staff,Administration Officer,1,A,C2
Person 1835,M,Staff,Employment Support Representative,3,G,M1
Person 1834,F,Staff,Case Manager,2,C,D3
Person 1833,F,Staff,Heartlands Coordinator,5,A,C6
Person 1832,F,Staff,Case Manager,6,D,C6
Person 1831,M,Staff,Central Processing Officer,5,E,C6
Person 1830,F,Staff,Case Manager,1,E,M1
Person 183,F,Staff,Case Manager,6,F,C5
Person 1828,F,Staff,Team Leader StudyLink,3,D,D1
Person 1827,M,Staff,Contact Centre Officer,4,A,M3
Person 1825,F,Contractor,Secondment to External Agency from MSD,6,C,M4
Person 1823,M,Staff,Team Lead Testing Services,2,F,M3
Person 1821,F,Staff,Senior Advisor Operational Policy & Practice,2,F,M3
Person 182,M,Staff,Capability Developer,4,B,M2
Person 1818,F,Staff,Case Manager,6,B,M2
Person 1817,F,Staff,Central Processing Officer,2,G,C4
Person 1816,M,Staff,Case Manager,4,E,C2
Person 1815,F,Staff,Case Manager,4,D,C6
Person 1814,F,Staff,Case Manager,3,B,C7
Person 1812,F,Contractor,Contractor,6,A,C6
Person 1811,F,Staff,Integrated Services Case Manager,3,B,C4
Person 1810,F,Staff,Case Manager Housing,1,E,D3
Person 181,Unassigned,Contractor,Unassigned,5,C,M4
Person 1809,F,Staff,Financial Services Administrator,4,F,M1
Person 1807,F,Staff,Case Manager,1,D,C2
Person 1806,F,Staff,Senior Accreditation Assessor,4,C,M1
Person 1805,M,Staff,Senior Enterprise Architect,1,E,D3
Person 1804,F,Staff,Integrated Services Case Manager,3,B,D1
Person 1803,M,Staff,Client Support Debt Management Officer,4,C,D4
Person 1800,F,Staff,Housing Broker,3,H,C6
Person 180,F,Staff,Service Manager Centralised Services,3,G,C6
Person 18,M,Staff,Technical Officer Housing,4,A,C6
Person 1799,F,Staff,Customer Service Representative,6,G,C6
Person 1797,F,Staff,Case Manager,1,G,C1
Person 1796,M,Staff,Recruitment Partner,1,D,C6
Person 1795,M,Staff,Customer Service Officer International,1,A,C8
Person 1794,F,Staff,Junior IT Security Analyst,3,E,D2
Person 1793,F,Staff,Case Manager,5,E,D2
Person 1792,F,Staff,Case Manager,2,D,C1
Person 1790,F,Staff,Capability Developer,4,G,C3
Person 179,F,Staff,Case Manager,5,E,C3
Person 1789,M,Staff,Customer Service Representative,1,G,M1
Person 1788,M,Staff,Test Manager Operational Delivery,5,D,M1
Person 1787,Unassigned,Contractor,Unassigned,1,F,C2
Person 1786,M,Staff,Case Manager,4,G,D4
Person 1785,F,Staff,Case Manager,3,E,C5
Person 1784,F,Staff,Customer Service Representative,6,E,D2
Person 1783,F,Staff,Central Processing Officer,5,H,C2
Person 1782,M,Staff,Processing Officer,6,B,D1
Person 1781,F,Staff,Veterans Pension Officer,3,F,C3
Person 178,F,Staff,Client Integrity Officer,1,E,M1
Person 1779,F,Staff,Programme Manager,4,E,M3
Person 1778,F,Staff,Administration Officer,6,H,C3
Person 1777,F,Staff,Technical Officer Housing,6,G,D3
Person 1775,F,Staff,Case Manager,1,B,M4
Person 1774,F,Staff,Case Manager,3,D,D4
Person 1773,F,Staff,Quality Assurance Officer,4,B,D4
Person 1772,F,Staff,Central Processing Officer,2,C,D4
Person 1771,F,Staff,Case Manager,2,E,D2
Person 1770,F,Staff,Financial Services Administrator,4,H,D2
Person 177,F,Staff,Administration Officer,1,A,C2
Person 1769,F,Staff,Financial Services Administrator,4,B,M4
Person 1768,F,Staff,Case Manager,3,A,C4
Person 1766,F,Staff,Case Manager,3,B,C4
Person 1765,F,Staff,Case Manager,5,E,M1
Person 1764,F,Staff,Assistant Service Centre Manager,1,H,C8
Person 1763,M,Staff,StudyLink Officer Contact Centre,1,A,M2
Person 1761,Unassigned,Contractor,Unassigned,1,C,C1
Person 176,F,Staff,Customer Service Representative,3,F,C5
Person 1759,F,Staff,Central Processing Officer,1,G,D2
Person 1758,F,Staff,Customer Service Representative,5,H,C7
Person 1757,M,Staff,Capability Developer,1,B,M4
Person 1755,F,Staff,Integrity Intervention Officer,4,G,C3
Person 1754,M,Staff,Senior Developer,4,D,M2
Person 1752,F,Staff,Service Centre Manager,5,G,D2
Person 1751,F,Staff,Senior Advisor Operational Policy & Practice,1,C,M4
Person 1750,F,Staff,Financial Services Administrator,2,D,C7
Person 175,F,Staff,Case Manager,2,D,M3
Person 1749,F,Staff,Case Manager Housing,6,B,M3
Person 1748,F,Staff,Case Manager,1,B,C6
Person 1747,F,Staff,Employment Liaison Advisor,6,C,C1
Person 1745,F,Staff,Technical Officer Housing,5,D,C2
Person 1744,M,Staff,Case Manager,1,C,C8
Person 174,F,Staff,Central Processing Officer,1,B,C6
Person 1738,F,Staff,Case Manager,5,C,C1
Person 1737,M,Staff,Work Broker,3,D,C5
Person 1733,F,Staff,Integrity Intervention Officer,1,D,M4
Person 1731,F,Staff,Integrated Services Case Manager,6,D,D4
Person 1730,F,Staff,Administration Officer,5,H,M2
Person 173,F,Staff,Case Manager,2,H,C6
Person 1728,F,Staff,Senior Data Engineer,1,F,C4
Person 1727,F,Staff,StudyLink Officer,4,G,M2
Person 1726,M,Staff,Assistant Service Centre Manager,1,A,D4
Person 1725,F,Staff,Case Manager Housing,2,H,D4
Person 1724,Unassigned,Contractor,Unassigned,2,D,C4
Person 1721,M,Staff,Customer Service Representative,3,B,D3
Person 1720,M,Staff,Customer Service Representative,2,H,C2
Person 172,F,Staff,Case Manager,2,B,M1
Person 1718,M,Staff,Client Support Debt Management Officer,6,C,C3
Person 1717,F,Staff,Customer Service Representative,4,H,D3
Person 1716,F,Staff,Investigator Fraud Intervention Services,4,H,M3
Person 1715,M,Staff,Case Manager,5,C,C5
Person 1714,Unassigned,Contractor,Unassigned,6,H,M1
Person 1713,F,Staff,Case Manager,5,E,D3
Person 1712,M,Staff,Customer Service Representative,6,A,D1
Person 1708,F,Staff,Case Manager,5,A,C5
Person 1707,F,Staff,Case Manager,3,E,C6
Person 1706,F,Staff,Case Manager Housing,2,B,C6
Person 1705,Unassigned,Contractor,Unassigned,6,B,C3
Person 1704,M,Staff,Case Manager,1,G,D4
Person 1703,F,Staff,Integrated Services Case Manager,2,C,M2
Person 1701,F,Contractor,Secondment to External Agency from MSD,3,A,C2
Person 1700,F,Staff,Case Manager,1,B,M2
Person 170,Unassigned,Contractor,Unassigned,1,H,C2
Person 1699,F,Staff,Case Manager,2,D,C3
Person 1698,F,Staff,Community Link in Court,3,B,C5
Person 1697,Unassigned,Contractor,Unassigned,4,D,C3
Person 1696,F,Staff,Financial Services Administrator,4,G,M3
Person 1695,F,Staff,Customer Service Representative,1,B,C3
Person 1694,F,Staff,Integrity Intervention Officer,6,C,D3
Person 1693,F,Staff,Central Processing Officer,3,D,D1
Person 1692,F,Staff,Manager Client Service Support,2,H,C6
Person 1690,F,Staff,Case Manager,3,G,C8
Person 169,F,Staff,Central Processing Officer,5,D,C6
Person 1688,F,Staff,Customer Service Representative,5,D,C2
Person 1687,F,Staff,Customer Service Representative,1,B,D4
Person 1686,M,Staff,Customer Service Representative,6,G,M4
Person 1685,F,Staff,Case Manager,3,F,C8
Person 1684,F,Staff,StudyLink Officer,2,A,D4
Person 1683,M,Staff,Employment Support Representative,6,C,D4
Person 1682,F,Staff,Case Manager,4,E,C1
Person 168,F,Staff,Integrated Services Case Manager,4,A,C1
Person 1679,F,Staff,Case Manager,4,H,C1
Person 1678,M,Staff,Case Manager,6,A,C1
Person 1677,F,Staff,Actuary,1,H,M3
Person 1676,F,Staff,Administration Officer,5,H,C1
Person 1675,F,Staff,Integrated Services Case Manager,2,C,C1
Person 1673,F,Staff,Central Processing Officer,5,B,D1
Person 1672,M,Staff,Case Manager,4,D,D2
Person 1670,F,Staff,Youth Development Specialist,4,C,M4
Person 167,M,Staff,Case Manager,2,D,C3
Person 1669,Unassigned,Contractor,Unassigned,6,D,C4
Person 1668,F,Staff,Technical Officer Housing,4,F,M4
Person 1665,F,Staff,Client Support Debt Management Officer,3,E,M3
Person 1664,F,Staff,Case Manager,6,C,C2
Person 1662,F,Staff,Service Centre Manager,6,E,C5
Person 1661,F,Staff,Case Manager,5,E,D4
Person 1660,F,Staff,Case Manager,5,F,D1
Person 166,Unassigned,Contractor,Unassigned,5,E,C7
Person 1659,F,Staff,Case Manager,6,E,M2
Person 1658,M,Staff,Client Support Debt Management Officer,4,G,C2
Person 1657,M,Staff,Case Manager,3,E,C6
Person 1656,F,Staff,Lead Category Manager,1,C,D1
Person 1653,F,Staff,Case Manager,4,F,D2
Person 1652,F,Staff,Senior Claimant Support Specialist,3,B,D2
Person 1651,F,Staff,Case Manager,4,G,D1
Person 1650,M,Staff,Case Manager,4,H,D1
Person 165,F,Staff,Case Manager,4,F,C4
Person 1649,F,Staff,Integrated Services Case Manager,5,B,C1
Person 1648,Unassigned,Contractor,Unassigned,3,B,C7
Person 1647,M,Staff,Case Manager,3,B,C6
Person 1645,F,Staff,Assistant Service Centre Manager,1,D,M3
Person 1644,F,Staff,Regional Commissioner Advisor,3,C,D3
Person 1643,F,Staff,Case Manager,5,G,C5
Person 1642,F,Staff,Central Processing Officer,4,C,C8
Person 1641,M,Staff,Solutions Architect,6,E,D1
Person 1639,F,Staff,Executive Assistant to Regional Director,2,A,M3
Person 1638,Unassigned,Contractor,Unassigned,3,C,C1
Person 1637,F,Staff,Case Manager,3,G,C5
Person 1636,F,Staff,Case Manager,2,G,C1
Person 1635,F,Staff,Customer Service Officer International,2,E,M3
Person 1633,F,Staff,Case Manager,4,A,D4
Person 1632,F,Staff,StudyLink Officer,4,F,M3
Person 1631,F,Staff,Director of Portfolio Management Office,3,F,C4
Person 1630,F,Staff,Case Manager,3,G,C7
Person 1627,F,Staff,Case Manager,5,G,D2
Person 1624,F,Staff,Financial Services Administrator,3,E,M2
Person 1623,F,Staff,Case Manager,6,A,M3
Person 1622,M,Staff,Customer Service Representative,1,H,M2
Person 1621,F,Staff,Capability Developer,2,D,C7
Person 1620,F,Staff,Senior Advisor Office for Disability Issues,2,A,C7
Person 162,F,Staff,Customer Service Representative,3,E,C8
Person 1619,F,Staff,Investigator Fraud Intervention Services,5,A,M3
Person 1618,Unassigned,Contractor,Unassigned,1,B,C1
Person 1616,F,Staff,Case Manager,1,H,M1
Person 1615,F,Staff,Regional Health Advisor,5,E,D2
Person 1614,F,Staff,Customer Service Representative,3,D,D2
Person 1613,F,Staff,Case Manager,6,F,M3
Person 1612,M,Staff,Capability Developer,1,H,C7
Person 1610,F,Staff,Customer Service Representative,2,D,M3
Person 1608,F,Staff,Case Manager,6,C,D4
Person 1607,F,Staff,Work Broker,6,G,C3
Person 1603,F,Staff,Senior Claims Assessor,5,A,M4
Person 1601,Unassigned,Contractor,Unassigned,5,G,D1
Person 1600,F,Staff,Case Manager,2,B,C6
Person 16,F,Staff,Case Manager,6,A,D3
Person 1599,F,Staff,Service Centre Manager,5,D,M1
Person 1598,F,Staff,Capability Developer,2,F,C4
Person 1597,M,Staff,Central Processing Officer,6,A,C3
Person 1595,F,Staff,Case Manager,1,G,D2
Person 1594,F,Staff,Case Manager,6,G,C2
Person 1593,F,Staff,Case Manager Housing,1,G,C7
Person 1592,F,Staff,Customer Service Representative,6,D,C7
Person 1590,F,Staff,Customer Service Representative,1,E,C5
Person 159,F,Staff,Case Manager,1,H,M2
Person 1589,F,Staff,Customer Service Representative,6,C,M2
Person 1588,F,Staff,Junior IT Security Analyst,5,G,C1
Person 1586,F,Staff,Customer Service Representative,4,E,C7
Person 1584,F,Staff,Case Manager,2,D,D1
Person 1581,F,Staff,Case Manager,5,G,M1
Person 1580,F,Staff,Case Manager,2,A,C4
Person 158,F,Staff,Case Manager,2,B,C3
Person 1578,M,Staff,Customer Service Representative,1,D,C1
Person 1577,F,Staff,Assistant Service Centre Manager,1,B,D1
Person 1576,F,Staff,Integrated Services Case Manager,2,F,C2
Person 1575,F,Staff,Administration Officer,1,A,M4
Person 1572,M,Staff,Case Manager,5,D,D1
Person 1571,F,Staff,Case Manager,6,E,C1
Person 157,M,Staff,Administrator Facilities Management,3,G,C5
Person 1569,M,Staff,StudyLink Officer Contact Centre,1,H,M3
Person 1568,F,Staff,Technical Officer Housing,2,A,D1
Person 1564,F,Staff,Appeals Officer,3,G,M2
Person 1563,F,Staff,Case Manager,5,A,D1
Person 1562,Unassigned,Contractor,Unassigned,2,F,C4
Person 1561,M,Staff,Case Manager,4,A,C5
Person 1560,F,Staff,Central Processing Officer,6,D,M4
Person 156,F,Staff,Manager Strategic Change,6,D,D3
Person 1558,F,Staff,Training Advisor Design & Brokering,1,B,M4
Person 1557,M,Staff,Central Processing Officer,3,F,C8
Person 1556,M,Staff,Customer Service Representative,3,A,D1
Person 1555,F,Staff,Financial Services Administrator,1,C,M3
Person 1554,F,Staff,Advisor Office for Disability Issues,4,B,C3
Person 155,F,Staff,Capability Developer,3,A,C1
Person 1549,F,Staff,Client Support Debt Management Officer,1,C,D3
Person 1548,F,Staff,Investigator Fraud Intervention Services,2,D,C3
Person 1547,M,Staff,Customer Service Representative,5,H,C6
Person 1544,F,Staff,Information Coordinator,6,E,C5
Person 1543,F,Staff,StudyLink Officer Contact Centre,4,G,D2
Person 1541,F,Staff,Case Manager,2,B,D4
Person 1540,F,Staff,Customer Service Representative,2,D,C3
Person 154,F,Staff,StudyLink Officer,3,G,M2
Person 1538,Unassigned,Contractor,Unassigned,4,B,M3
Person 1535,F,Staff,Case Manager,3,C,M4
Person 1534,F,Staff,Integrity Intervention Officer,4,E,C3
Person 1533,M,Staff,Service Manager Centralised Services,5,C,M2
Person 1532,F,Staff,Employment Support Representative,3,F,C4
Person 1531,F,Staff,Capability Developer,1,E,C8
Person 1530,F,Staff,General Manager Ministerial & Executive Services,4,G,D3
Person 153,F,Staff,Case Manager,3,F,M2
Person 1528,M,Staff,Central Processing Officer,5,F,M3
Person 1527,F,Staff,Central Processing Officer,1,A,M1
Person 1526,F,Staff,Support Officer,4,F,C8
Person 1525,M,Staff,Business Analyst,1,H,M4
Person 1524,M,Staff,Case Manager,3,G,M1
Person 1523,M,Staff,Work Broker,6,G,C8
Person 1522,F,Staff,Case Manager,5,E,D2
Person 1521,M,Staff,Central Processing Officer,5,B,C7
Person 1520,F,Staff,Work Broker,1,B,C4
Person 152,M,Staff,Assistant Service Centre Manager,5,G,C1
Person 1519,F,Staff,Senior Designer,1,F,C2
Person 1518,F,Staff,Customer Service Representative,6,F,D2
Person 1516,F,Staff,Capability Developer,6,E,M1
Person 1515,F,Contractor,Secondment to External Agency from MSD,6,D,C7
Person 1514,F,Staff,Case Manager,1,B,C1
Person 1512,F,Staff,Advisor Office for Disability Issues,2,C,D4
Person 1511,M,Staff,Central Processing Officer,5,B,M3
Person 1510,F,Staff,Technical Officer Housing,1,A,C1
Person 151,F,Staff,Case Manager,6,D,M1
Person 1509,F,Staff,Family Violence Response Coordinator,4,D,C6
Person 1508,F,Staff,Customer Service Representative,2,C,M1
Person 1507,F,Staff,Support Officer,2,G,C5
Person 1506,F,Staff,Case Manager,5,F,D1
Person 1504,F,Staff,Administration Officer,6,B,C5
Person 1503,F,Staff,Operations Coordinator,4,F,M2
Person 1502,M,Staff,Case Manager,2,C,D1
Person 1501,F,Staff,Principal HR Business Partner,2,G,C5
Person 1500,F,Staff,Case Manager,5,A,C2
Person 150,M,Staff,Case Manager,2,F,C1
Person 15,F,Staff,Capability Developer,1,B,C3
Person 1499,F,Staff,Customer Service Representative,4,B,D4
Person 1498,F,Staff,Case Manager,4,F,C1
Person 1496,M,Staff,Case Manager,3,F,C3
Person 1494,F,Staff,Advisor Health and Safety,5,E,C4
Person 1493,F,Staff,Service Manager Centralised Services,2,D,C2
Person 1491,F,Staff,Case Manager,5,F,M1
Person 149,F,Staff,Information Coordinator,2,A,C3
Person 1489,F,Staff,Service Centre Manager,6,E,C2
Person 1488,F,Staff,Case Manager,3,A,D2
Person 1487,M,Staff,Executive Assistant,1,B,D4
Person 1486,M,Staff,Technical Support Analyst,2,F,C6
Person 1484,F,Staff,Senior Data Engineer,2,H,C6
Person 1483,F,Staff,Report Writer,2,C,C8
Person 1481,F,Staff,Case Manager,1,C,D1
Person 1480,M,Staff,Integrity Intervention Officer,2,D,D4
Person 148,F,Staff,Integrated Services Case Manager,6,C,M1
Person 1479,M,Staff,Case Manager,1,A,M1
Person 1478,M,Staff,Financial Services Administrator,3,A,C1
Person 1477,F,Staff,Administration Officer,2,E,M4
Person 1475,F,Staff,Case Manager,4,C,M1
Person 1474,F,Staff,Service Manager Contact Centre Services,5,C,M3
Person 1473,F,Staff,Employment Support Representative,6,A,C6
Person 1472,Unassigned,Contractor,Unassigned,2,C,C4
Person 1471,Unassigned,Contractor,Unassigned,3,B,D1
Person 1470,F,Staff,Capability Developer,4,D,C4
Person 1469,F,Staff,Service Manager Centralised Services,4,G,C3
Person 1468,Unassigned,Contractor,Unassigned,5,H,M4
Person 1467,F,Staff,Case Manager,4,A,C4
Person 1466,F,Staff,Case Manager,1,A,C4
Person 1465,F,Staff,Work Broker,1,C,M4
Person 1463,F,Staff,Case Manager Housing,5,F,C4
Person 1462,F,Staff,Integrated Services Case Manager,2,G,M3
Person 146,F,Staff,Case Manager,1,F,C5
Person 1459,F,Staff,StudyLink Officer,5,C,M1
Person 1458,Unassigned,Staff,Unassigned,4,A,C7
Person 1457,F,Staff,Senior Test Analyst,3,G,C8
Person 1455,M,Staff,Case Manager,2,C,M3
Person 1454,M,Staff,Contact Centre Officer,4,C,M1
Person 1453,F,Staff,Service Centre Manager,4,A,M4
Person 1451,F,Staff,Integrated Services Case Manager,4,H,C6
Person 1450,F,Staff,Advisor Office for Seniors,6,B,C6
Person 145,F,Staff,Integrated Services Case Manager,4,E,C8
Person 1449,M,Staff,Capability Developer,1,H,D4
Person 1448,F,Staff,Youth Development Specialist,1,H,C5
Person 1447,F,Staff,Qualifications Assessor National Office,1,A,M4
Person 1446,F,Staff,Client Support Debt Management Officer,3,C,M3
Person 1445,F,Staff,Central Processing Officer,5,A,D3
Person 1444,M,Staff,Service Manager Contact Centre Services,6,H,C6
Person 1443,F,Staff,Training Advisor Design & Brokering,5,E,M1
Person 1442,F,Staff,Case Manager,6,C,M3
Person 1441,F,Staff,Executive Assistant to Regional Director,3,B,C2
Person 1440,M,Staff,Central Processing Officer,6,C,C1
Person 1439,F,Staff,Investigator Fraud Intervention Services,1,B,C8
Person 1438,Unassigned,Contractor,Unassigned,2,F,M4
Person 1436,M,Staff,Information Coordinator,1,C,C8
Person 1435,F,Staff,Integrated Services Case Manager,1,F,M1
Person 1434,F,Staff,Case Manager,3,B,M3
Person 1433,F,Staff,Case Manager,1,C,C5
Person 1432,F,Staff,Case Manager,4,B,C8
Person 1431,F,Staff,Programme Coordinator,4,E,D3
Person 1430,F,Staff,Case Manager,1,F,M3
Person 143,F,Contractor,Contractor,4,F,C5
Person 1429,F,Staff,Senior Advisor Operational Policy & Practice,1,D,C7
Person 1424,F,Staff,Community Liaison Advisor,4,H,C3
Person 1422,F,Staff,Case Manager,6,H,C5
Person 1420,F,Staff,Case Manager,5,A,M4
Person 142,M,Staff,Customer Service Representative,3,C,C7
Person 1419,F,Staff,Case Manager,1,D,D1
Person 1417,M,Staff,Work Broker,6,C,M3
Person 1416,M,Staff,Processing Officer,5,C,C4
Person 1415,F,Staff,Case Manager,4,G,D3
Person 1412,M,Staff,Customer Service Representative,1,D,C6
Person 1411,M,Staff,Central Processing Officer,1,E,M2
Person 1410,F,Staff,Case Manager,5,G,D1
Person 1409,F,Staff,Customer Service Representative,1,C,C4
Person 1408,F,Staff,Case Manager,5,G,C7
Person 1407,F,Staff,Central Processing Officer,6,D,C6
Person 1406,F,Staff,Lead Campaigns Advisor,4,B,D4
Person 1405,F,Staff,Customer Service Representative,4,A,M3
Person 1404,M,Staff,Case Manager,5,H,C1
Person 1403,F,Staff,Case Manager,2,G,D4
Person 1402,F,Staff,Advisor,4,E,C7
Person 1401,F,Staff,Employment Coordinator,2,E,C1
Person 1400,F,Staff,Regional Contracts Manager,3,E,C2
Person 140,F,Staff,Case Manager,2,C,M1
Person 14,F,Staff,Case Manager,4,B,D2
Person 1398,M,Staff,Case Manager,1,G,D4
Person 1397,F,Staff,Operations Coordinator,5,G,C1
Person 1396,F,Staff,Case Manager,5,H,M1
Person 1395,F,Staff,Information Coordinator,3,F,C8
Person 1394,F,Staff,Veterans Pension Officer,2,G,C4
Person 1393,F,Staff,Administration Officer,2,D,D2
Person 1391,F,Staff,Case Manager,3,A,D1
Person 1390,M,Staff,Case Manager,5,F,C2
Person 139,F,Staff,Senior Business Analyst,4,B,C1
Person 1387,F,Staff,Case Manager,4,F,D1
Person 1386,F,Staff,Case Manager,5,D,M2
Person 1385,F,Staff,Regional Commissioner Advisor,1,H,D3
Person 1384,F,Staff,Integrated Services Case Manager,2,B,M4
Person 1383,F,Staff,Senior Advisor Regional HSS,3,E,M2
Person 1381,F,Staff,Accreditation Assessor,4,F,D4
Person 1380,F,Staff,Case Manager,3,D,D2
Person 138,F,Staff,Case Manager,1,B,D3
Person 1379,F,Staff,Administration Officer,5,C,C2
Person 1378,F,Staff,Central Processing Officer,1,G,C3
Person 1377,F,Staff,Capability Developer,1,B,M4
Person 1376,F,Staff,Case Manager,2,D,C7
Person 1375,F,Staff,Customer Service Representative,6,B,C6
Person 1373,M,Staff,Case Manager,6,H,C8
Person 1372,M,Staff,Capability Developer,6,E,C5
Person 1371,F,Staff,Contact Centre Officer,6,F,C2
Person 1370,F,Staff,Case Manager,4,D,C3
Person 137,F,Staff,Executive Assistant to Regional Commissioner,2,H,C6
Person 1368,M,Staff,Customer Service Representative,4,D,C8
Person 1367,F,Staff,Capability Developer,6,E,M3
Person 1366,F,Staff,Case Manager,6,B,C8
Person 1363,F,Staff,Case Manager Housing,4,C,M3
Person 1362,F,Staff,Case Manager,1,C,M2
Person 1361,F,Staff,Customer Service Representative,5,D,C6
Person 1359,M,Staff,Customer Service Representative,5,D,C5
Person 1358,F,Staff,Capability Developer,6,F,D3
Person 1357,F,Staff,Case Manager,6,H,C4
Person 1356,F,Staff,Employment Support Representative,5,H,C8
Person 1355,F,Staff,Customer Service Representative,3,C,C5
Person 1354,F,Staff,Case Manager,6,H,C7
Person 1352,F,Staff,Case Manager,4,G,M2
Person 1350,F,Staff,Regional Labour Market Advisor,6,F,C6
Person 135,F,Staff,Senior Information Coordinator,1,F,M4
Person 1349,F,Staff,Customer Service Representative,1,E,D3
Person 1347,F,Staff,Assistant Service Centre Manager,6,F,D2
Person 1342,M,Staff,Central Processing Officer,5,B,D1
Person 1341,F,Staff,Case Manager,4,B,D4
Person 1340,F,Staff,Case Manager,6,B,D3
Person 134,M,Staff,Customer Service Representative,2,G,C5
Person 1339,F,Staff,Employment Support Representative,4,E,M1
Person 1338,F,Staff,Customer Service Representative,4,F,C6
Person 1337,F,Staff,Lead Campaigns Advisor,2,E,C2
Person 1336,F,Staff,Service Manager Centralised Services,5,H,C3
Person 1334,M,Staff,StudyLink Officer,5,C,D4
Person 1333,M,Staff,Case Manager,1,C,D1
Person 1330,M,Staff,Central Processing Officer,3,G,C2
Person 133,F,Staff,Case Manager,1,B,D3
Person 1327,M,Staff,Technical Officer Housing,1,H,C5
Person 1326,F,Staff,Case Manager,1,E,C5
Person 1323,F,Staff,Customer Service Representative,4,A,M2
Person 1322,F,Staff,Case Manager,1,H,D2
Person 1321,M,Staff,Assistant Service Centre Manager,1,D,M1
Person 1320,F,Staff,Manager Research and Evaluation,2,B,C2
Person 132,F,Staff,StudyLink Officer,6,F,M2
Person 1318,F,Staff,Customer Service Officer International,6,D,M3
Person 1317,F,Staff,StudyLink Officer,4,H,C2
Person 1316,F,Staff,Case Manager,6,H,M4
Person 1314,F,Staff,Central Processing Officer,5,F,C5
Person 1312,F,Staff,Case Manager,5,F,C2
Person 1311,F,Staff,Case Manager,3,C,M3
Person 1310,F,Staff,Capability Developer,1,D,M1
Person 131,F,Staff,Report Writer,4,D,D1
Person 1308,F,Staff,Case Manager,2,D,M2
Person 1307,F,Staff,Executive Assistant,1,D,M4
Person 1306,M,Staff,Employment Support Representative,3,G,D1
Person 1304,F,Staff,Central Processing Officer,2,B,C1
Person 1303,F,Staff,Case Manager,4,C,C2
Person 1302,F,Staff,Case Manager,5,C,M2
Person 1300,Unassigned,Contractor,Unassigned,1,E,C4
Person 130,F,Staff,Technical Officer Housing,6,D,M4
Person 1296,F,Staff,Capability Developer,6,F,C5
Person 1295,F,Staff,Case Manager,2,H,D3
Person 1294,F,Staff,Client Support Debt Management Officer,6,A,D4
Person 1293,F,Staff,Case Manager,1,A,D2
Person 1292,F,Staff,Case Manager,1,D,C7
Person 1291,F,Staff,Qualifications Assessor National Office,6,H,C7
Person 1290,F,Staff,Case Manager,1,E,M3
Person 1289,F,Staff,Case Manager,1,H,M2
Person 1288,F,Staff,Case Manager,1,H,C1
Person 1287,M,Staff,Service Centre Manager,3,A,M1
Person 1284,F,Staff,Client Integrity Officer,4,H,C7
Person 1281,M,Staff,Case Manager,2,D,C5
Person 1280,F,Staff,Case Manager Housing,6,G,C4
Person 128,F,Staff,Capability Developer,5,D,D4
Person 1278,F,Staff,Actuarial Analyst,1,F,C5
Person 1277,F,Staff,Case Manager Housing,6,C,C4
Person 1275,F,Staff,Case Manager,2,F,D1
Person 1274,M,Staff,Case Manager,3,A,C6
Person 1273,F,Staff,Central Processing Officer,3,F,C6
Person 1271,F,Staff,Case Manager,5,D,C4
Person 1270,M,Staff,Case Manager,5,C,M3
Person 127,F,Staff,Programme Coordinator,6,A,C4
Person 1268,F,Staff,Case Manager,2,H,M1
Person 1267,F,Staff,Case Manager,6,D,D1
Person 1266,M,Staff,Case Manager,3,D,C3
Person 1265,F,Staff,Case Manager,6,H,C6
Person 1264,F,Staff,Report Writer,3,D,C3
Person 1263,F,Staff,Customer Service Representative,2,C,D4
Person 1262,F,Staff,Integrated Services Case Manager,5,E,M3
Person 1257,M,Staff,Case Manager,3,F,C5
Person 1255,F,Staff,Central Processing Officer,3,C,C7
Person 1254,F,Staff,Senior Release Analyst,1,D,C7
Person 1252,F,Staff,StudyLink Officer,1,B,C1
Person 1250,F,Staff,Senior Claims Assessor,2,H,M3
Person 125,F,Staff,Manager Service Response,1,D,M3
Person 1249,M,Staff,Case Manager,1,E,D4
Person 1248,F,Staff,Case Manager,6,D,C5
Person 1247,M,Staff,Customer Service Representative,2,F,C7
Person 1246,F,Staff,Integrated Services Case Manager,3,F,D2
Person 1245,F,Staff,Case Manager,1,G,C1
Person 1244,F,Staff,Case Manager,5,A,M1
Person 1242,F,Staff,Customer Service Representative,6,B,D4
Person 1241,F,Staff,Case Manager,5,B,D1
Person 1240,M,Staff,Case Manager,1,E,D4
Person 1239,F,Staff,Investigator Fraud Intervention Services,6,A,M3
Person 1237,M,Staff,Customer Service Representative,5,C,M1
Person 1236,F,Staff,Release Analyst,4,H,C4
Person 1235,Unassigned,Contractor,Unassigned,5,A,C6
Person 1232,F,Staff,Capability Developer,2,C,C4
Person 1231,M,Staff,Case Manager,5,C,D4
Person 1230,F,Staff,Administration Support Officer,1,E,C6
Person 123,F,Staff,Case Manager,1,F,M1
Person 1228,F,Staff,Case Manager,6,F,D1
Person 1227,F,Staff,Central Processing Officer,6,B,M4
Person 1226,F,Staff,Integrated Services Case Manager,2,C,M1
Person 1225,F,Staff,Senior Lawyer,1,B,D2
Person 1224,F,Staff,StudyLink Officer Outreach,1,C,D4
Person 1223,M,Staff,Customer Service Representative,4,E,D3
Person 1220,F,Staff,Case Manager,1,F,D3
Person 122,F,Staff,Capability Developer,4,A,C6
Person 1218,F,Staff,StudyLink Officer,3,H,C8
Person 1217,M,Staff,Integrated Services Case Manager,6,A,D1
Person 1216,Unassigned,Contractor,Unassigned,2,H,C5
Person 1215,M,Staff,Case Manager,5,A,C6
Person 1214,F,Staff,Employment Coordinator,3,E,C5
Person 1213,F,Staff,Service Manager Centralised Services,6,D,C7
Person 1212,F,Staff,Case Manager,1,B,C2
Person 1211,F,Staff,Service Manager Centralised Services,4,C,C5
Person 1210,M,Staff,Central Processing Officer,2,D,C5
Person 121,F,Staff,Employment Support Representative,4,H,C3
Person 1209,F,Staff,Central Processing Officer,2,B,C2
Person 1208,F,Staff,Training Advisor Design & Brokering,3,A,D2
Person 1207,F,Staff,Senior Business Analyst,1,E,M3
Person 1206,F,Staff,Central Processing Officer,5,G,M1
Person 1205,M,Contractor,Contractor,3,H,D2
Person 1203,M,Staff,Senior Business Modelling Analyst,6,D,C4
Person 1202,F,Staff,Senior Advisor Culture and Inclusion,3,D,C4
Person 1201,F,Staff,Case Manager,3,C,C8
Person 1200,M,Staff,Central Processing Officer,5,H,C1
Person 120,F,Staff,Capability Developer,4,A,C2
Person 1199,F,Staff,Service Manager Centralised Services,2,F,M1
Person 1198,F,Staff,Case Manager,6,B,D4
Person 1196,F,Staff,Regional Housing Manager,1,H,D2
Person 1195,F,Staff,Central Processing Officer,6,C,M3
Person 1193,Unassigned,Contractor,Unassigned,3,H,C6
Person 1192,F,Staff,Assistant Service Centre Manager,2,A,D3
Person 1190,F,Staff,Integrity Intervention Officer,2,A,M1
Person 119,M,Staff,Central Processing Officer,6,E,C5
Person 1187,F,Staff,Case Manager,3,C,D3
Person 1186,M,Staff,Customer Service Officer International,4,E,C3
Person 1184,M,Staff,StudyLink Officer,4,F,D4
Person 1183,F,Staff,Customer Service Officer International,3,E,C2
Person 1181,F,Staff,Veterans Pension Officer,2,B,D4
Person 1180,F,Staff,Central Processing Officer,6,F,C3
Person 118,F,Staff,Senior Claims Assessor,2,C,D4
Person 1178,M,Staff,Employment Liaison Advisor,2,H,C5
Person 1177,F,Staff,Administration Officer,4,B,C4
Person 1175,M,Staff,Customer Service Representative,2,E,C8
Person 1172,F,Staff,Case Manager,4,C,C4
Person 1171,F,Staff,Work Broker,6,A,M4
Person 1170,F,Staff,Senior Contracts Manager,3,D,M2
Person 117,F,Staff,Employment Support Representative,5,F,C3
Person 1169,F,Staff,Integrated Services Case Manager,5,A,D4
Person 1168,F,Staff,Case Manager,6,A,M3
Person 1167,F,Staff,Case Manager,5,H,D1
Person 1166,F,Staff,StudyLink Officer,6,F,M4
Person 1165,F,Staff,HR Advisor,6,G,C2
Person 1164,F,Staff,Data Integrity Analyst,4,C,C2
Person 1163,F,Staff,Capability Developer,1,B,C5
Person 1162,F,Staff,Case Manager,3,F,C4
Person 116,F,Staff,Customer Service Representative,1,D,D1
Person 1159,M,Staff,Advisor,2,D,C1
Person 1158,F,Staff,Case Manager Housing,5,C,D4
Person 1157,F,Staff,Administration Officer,4,C,C8
Person 1156,F,Staff,Analyst Forecasting & Costing,6,G,D1
Person 1155,F,Staff,Integrity Intervention Officer,5,E,C7
Person 1154,M,Staff,Contact Centre Officer,3,E,D3
Person 1152,F,Staff,Case Manager,6,H,C7
Person 1151,F,Staff,Associate DCE Service Delivery,2,F,M4
Person 1150,F,Staff,Technical Officer Housing,3,C,C5
Person 115,F,Staff,Customer Service Representative,4,D,C2
Person 1149,F,Staff,Case Manager,5,B,D2
Person 1148,F,Staff,Service Designer Employment,5,B,D1
Person 1145,M,Staff,Customer Service Representative,3,E,C3
Person 1143,F,Staff,StudyLink Officer Contact Centre,6,E,C3
Person 1142,F,Staff,Service Centre Manager,5,A,M1
Person 1141,F,Staff,Financial Services Administrator,3,G,D2
Person 1140,F,Staff,Case Manager,1,E,C5
Person 114,F,Staff,Case Manager,6,B,M1
Person 1139,M,Staff,Customer Service Representative,3,B,C7
Person 1137,F,Staff,Customer Service Representative,5,C,C4
Person 1136,F,Staff,Central Processing Officer,3,H,D3
Person 1135,M,Staff,Case Manager,2,A,M1
Person 1134,F,Staff,Case Manager,4,E,C8
Person 1131,F,Staff,Administration Officer,3,C,M1
Person 113,F,Staff,Work Broker,3,G,C4
Person 1129,F,Staff,Case Manager,3,G,D2
Person 1127,F,Staff,Financial Services Administrator,1,A,C6
Person 1124,F,Staff,Case Manager,4,F,M2
Person 1123,M,Staff,Case Manager,1,F,D3
Person 1122,M,Staff,Contact Centre Officer,1,F,M1
Person 1121,F,Staff,Case Manager,4,F,D4
Person 112,F,Staff,Central Processing Officer,5,F,M3
Person 1119,F,Staff,Central Processing Officer,5,E,M4
Person 1118,F,Staff,Service Manager Centralised Services,4,B,M1
Person 1117,F,Staff,Case Manager,4,F,D3
Person 1116,F,Staff,Integrity Intervention Officer,5,G,C2
Person 1115,M,Staff,Customer Service Officer Card Services,5,C,C7
Person 1112,F,Staff,Case Manager,2,E,C5
Person 1110,F,Staff,Work Broker,3,G,D3
Person 111,F,Staff,Employment Support Representative,3,F,D4
Person 1109,F,Staff,Customer Service Representative,2,B,C7
Person 1108,F,Staff,StudyLink Officer,5,G,C6
Person 1107,F,Staff,Case Manager,2,H,M2
Person 1106,F,Staff,Administration Officer,4,C,M4
Person 1105,F,Staff,Service Manager Centralised Services,4,D,C5
Person 1104,F,Staff,Central Processing Officer,4,D,C2
Person 1103,M,Staff,Capability Developer,5,C,C7
Person 1100,F,Staff,Customer Service Representative,2,F,C8
Person 110,Unassigned,Contractor,Unassigned,3,A,M1
Person 11,F,Staff,Case Manager,4,D,C3
Person 1099,F,Staff,Work Broker,4,E,C6
Person 1098,F,Staff,Customer Service Representative,3,G,C3
Person 1097,M,Staff,Case Manager,1,C,M2
Person 1093,F,Staff,Case Manager,6,B,C8
Person 1092,F,Staff,Case Manager,5,A,C2
Person 1090,M,Staff,Customer Service Representative,2,C,C2
Person 109,F,Staff,Programme Coordinator,1,A,C8
Person 1087,F,Staff,Capability Developer,6,E,C3
Person 1086,F,Staff,Intelligence Analyst,5,D,C1
Person 1085,Unassigned,Contractor,Unassigned,1,D,C2
Person 1084,F,Staff,Capability Developer,3,B,C1
Person 1083,F,Staff,Case Manager,5,B,M2
Person 1081,F,Staff,Central Processing Officer,1,E,M2
Person 1078,F,Staff,Case Manager,3,H,C7
Person 1077,M,Staff,Senior Advisor Client Segmentation,1,G,C7
Person 1076,M,Staff,Case Manager,6,C,D4
Person 1074,F,Staff,Senior Advisor Operational Policy & Practice,4,F,C4
Person 1073,M,Staff,Regional Labour Market Advisor,5,C,D4
Person 1072,F,Staff,Case Manager,4,E,M4
Person 1071,F,Staff,Service Centre Manager,1,G,C2
Person 107,F,Staff,Customer Service Representative,2,H,D1
Person 1069,F,Staff,Senior Claims Assessor,1,F,M1
Person 1067,F,Staff,Work Broker,1,B,C7
Person 1066,F,Staff,Senior Information Coordinator,5,B,C1
Person 1065,F,Staff,Case Manager,3,D,C7
Person 1064,F,Staff,Integrated Services Case Manager,1,H,M3
Person 1063,F,Staff,Case Manager,3,E,M3
Person 1062,F,Staff,StudyLink Officer Contact Centre,6,A,C6
Person 1061,F,Staff,StudyLink Officer,2,A,C4
Person 1060,M,Contractor,Contractor,1,C,C1
Person 106,M,Staff,Contact Centre Officer,3,C,D2
Person 1059,F,Staff,Case Manager,4,G,C3
Person 1058,M,Staff,Senior Claimant Support Specialist,1,A,M1
Person 1057,F,Staff,Case Manager,4,C,C2
Person 1056,F,Staff,Case Manager,1,B,C1
Person 1055,F,Staff,Service Centre Manager,6,D,C8
Person 1053,Unassigned,Contractor,Unassigned,3,C,M3
Person 1052,F,Staff,Case Manager,4,F,D2
Person 1051,M,Contractor,Contractor,2,E,D3
Person 1050,F,Staff,Case Manager,4,C,C1
Person 105,F,Staff,Case Manager,3,C,C4
Person 1049,F,Staff,Case Manager,1,C,C6
Person 1048,F,Staff,Report Writer,1,A,C8
Person 1047,M,Staff,Lead Data Engineer,5,G,C7
Person 1044,F,Staff,Case Manager,5,B,M4
Person 1043,M,Contractor,Contractor,1,G,C4
Person 1042,F,Staff,Case Manager Housing,5,H,C4
Person 104,M,Staff,Case Manager,3,D,M2
Person 1036,M,Staff,Work Broker,6,C,C2
Person 1035,F,Staff,Advisor,2,B,C2
Person 1034,F,Staff,Team Leader StudyLink,4,F,M1
Person 1033,F,Staff,Capability Developer,3,H,C6
Person 1032,Unassigned,Contractor,Unassigned,6,F,C3
Person 1031,Unassigned,Contractor,Unassigned,6,C,M3
Person 1030,F,Staff,Analyst Reporting,4,B,C6
Person 103,F,Staff,Operations Coordinator,1,B,D2
Person 1029,F,Staff,Case Manager,4,A,C2
Person 1028,F,Staff,Case Manager,6,H,C5
Person 1027,F,Staff,Customer Service Representative,1,D,C3
Person 1026,F,Staff,Administration Officer,1,H,C5
Person 1025,F,Staff,Case Manager,6,E,C5
Person 1024,F,Staff,Customer Service Representative,1,D,D1
Person 1023,M,Staff,Case Manager,4,D,M4
Person 1022,M,Staff,Senior Analyst Reporting,2,G,D2
Person 1021,F,Contractor,Contractor,5,A,M1
Person 102,F,Staff,StudyLink Officer,6,A,D4
Person 1019,F,Staff,Customer Service Representative,1,H,C7
Person 1018,F,Staff,Integrity Intervention Officer,1,C,D2
Person 1017,F,Staff,Case Manager,6,F,D2
Person 1016,F,Staff,Claimant Support Specialist,4,F,M2
Person 1014,F,Staff,Case Manager,2,E,C5
Person 1013,F,Staff,Regional Commissioner Advisor,3,G,D4
Person 1012,F,Staff,Case Manager,3,G,C2
Person 101,F,Staff,StudyLink Officer,6,H,D4
Person 1009,F,Staff,Work Broker,4,G,C7
Person 1008,F,Staff,Work Broker,3,D,C4
Person 1007,M,Staff,Contact Centre Officer,6,C,D3
Person 1006,F,Staff,Capability Developer,1,E,D3
Person 1005,F,Staff,Central Processing Officer,2,B,C7
Person 1004,M,Staff,Work Broker,4,G,D1
Person 1003,F,Staff,Case Manager,3,B,D3
Person 1002,F,Staff,Principal Advisor Leadership Development,6,D,C5
Person 1001,F,Staff,Technical Officer Housing,3,H,C2
Person 1000,F,Staff,Case Manager,2,C,M1
Person 1,F,Staff,Employment Support Representative,2,C,D1
